word,n
lord,219
hamlet,99
king,89
sir,75
love,68
speak,63
i’ll,57
father,52
horatio,45
queen,45
time,45
heaven,44
laertes,43
mother,39
ay,38
death,38
play,38
night,36
soul,34
hear,33
life,33
mine,33
dead,32
god,32
guildenstern,32
polonius,31
heart,30
ophelia,29
pray,29
dear,28
leave,28
rosencrantz,28
head,27
hold,27
matter,27
nature,27
nay,26
sweet,26
true,24
world,24
eyes,23
call,22
day,22
madness,22
set,22
fair,21
fear,21
follow,21
mad,21
denmark,20
earth,20
england,20
friends,20
hand,20
means,20
players,20
poor,20
son,20
till,20
words,20
blood,19
father’s,18
is’t,18
makes,18
there’s,18
body,17
ear,17
faith,17
farewell,17
ghost,17
noble,17
o’er,17
gentleman,16
grave,16
hast,16
majesty,16
marry,16
question,16
speech,16
stand,16
sword,16
that’s,16
watch,16
youth,16
daughter,15
drink,15
eye,15
live,15
mark,15
rest,15
tongue,15
answer,14
bear,14
bed,14
fortinbras,14
grace,14
grief,14
haste,14
heard,14
ho,14
lady,14
reason,14
sings,14
spirit,14
duty,13
form,13
friend,13
gertrude,13
murder,13
sense,13
virtue,13
we’ll,13
word,13
air,12
bring,12
ere,12
e’en,12
fire,12
fit,12
free,12
gentlemen,12
hands,12
madam,12
mind,12
norway,12
oft,12
purpose,12
remember,12
revenge,12
sleep,12
twere,12
voice,12
what’s,12
alas,11
business,11
deed,11
doubt,11
fortune,11
foul,11
ha,11
honest,11
in’t,11
marcellus,11
passion,11
peace,11
stay,11
thousand,11
tonight,11
villain,11
wind,11
action,10
aught,10
awhile,10
command,10
ears,10
excellent,10
fellow,10
fine,10
ground,10
hell,10
he’s,10
honour,10
late,10
let’s,10
lie,10
memory,10
news,10
phrase,10
pyrrhus,10
skull,10
takes,10
uncle,10
age,9
arms,9
breath,9
brother,9
custom,9
do’t,9
draw,9
fall,9
falls,9
fell,9
hamlet’s,9
judgement,9
lay,9
light,9
lost,9
meet,9
on’t,9
seek,9
sight,9
soft,9
strange,9
swear,9
walk,9
adieu,8
barnardo,8
black,8
break,8
charge,8
conscience,8
desire,8
devil,8
dies,8
fashion,8
grow,8
heavens,8
here’s,8
hope,8
hour,8
husband,8
joy,8
king’s,8
letters,8
lordship,8
music,8
noise,8
pale,8
power,8
quick,8
sea,8
service,8
shame,8
shot,8
sit,8
sun,8
tears,8
times,8
to’t,8
wife,8
woe,8
attendants,7
beg,7
beseech,7
bloody,7
brother’s,7
coming,7
common,7
die,7
dust,7
fool,7
heavy,7
ill,7
law,7
list,7
lose,7
loves,7
march,7
obey,7
offence,7
rank,7
receive,7
sound,7
top,7
understand,7
wholesome,7
woman,7
ambition,6
anon,6
bad,6
beard,6
beast,6
beauty,6
begin,6
bid,6
bodies,6
brain,6
brought,6
buried,6
cast,6
choice,6
christian,6
circumstance,6
cock,6
cold,6
confess,6
court,6
crown,6
damned,6
dane,6
danish,6
dare,6
days,6
desperate,6
discourse,6
door,6
double,6
dream,6
dull,6
dumb,6
effect,6
false,6
fare,6
fat,6
feed,6
fie,6
foils,6
gracious,6
guilty,6
health,6
hit,6
home,6
hot,6
kill’d,6
lack,6
laid,6
laugh,6
lies,6
maid,6
marriage,6
mercy,6
mother’s,6
mouth,6
move,6
note,6
osric,6
pardon,6
pass,6
piece,6
poison,6
prison,6
proof,6
round,6
seal’d,6
season,6
shape,6
sister,6
slain,6
sorrow,6
speaks,6
star,6
stood,6
struck,6
table,6
touch,6
truth,6
vile,6
voltemand,6
vows,6
wager,6
water,6
whilst,6
wicked,6
wisdom,6
withal,6
wouldst,6
wrong,6
alexander,5
arm,5
arras,5
audience,5
base,5
blessing,5
bound,5
brains,5
burial,5
cannon,5
carriages,5
choose,5
colour,5
commission,5
conceit,5
cornelius,5
countenance,5
cries,5
cry,5
damn’d,5
danger,5
dangerous,5
disposition,5
dread,5
drown,5
drown’d,5
eat,5
fast,5
fault,5
figure,5
flesh,5
flourish,5
flowers,5
fly,5
forgot,5
fortune’s,5
found,5
france,5
french,5
gainst,5
gentle,5
gifts,5
grows,5
half,5
hard,5
hearing,5
hide,5
holds,5
honesty,5
horse,5
humbly,5
in’s,5
kingdom,5
knave,5
land,5
liberty,5
man’s,5
mass,5
methinks,5
moon,5
morning,5
mortal,5
motive,5
natural,5
nunnery,5
patience,5
perchance,5
presently,5
prithee,5
prologue,5
quiet,5
read,5
reads,5
report,5
return,5
reynaldo,5
save,5
short,5
sick,5
silence,5
sing,5
slave,5
soldiers,5
souls,5
spirits,5
stir,5
sudden,5
teach,5
terms,5
throw,5
told,5
treason,5
trumpet,5
twelve,5
visage,5
visit,5
warlike,5
warrant,5
whereon,5
wit,5
woul’t,5
writ,5
affection,4
angel,4
argument,4
ass,4
begun,4
beneath,4
bestow,4
birth,4
bones,4
bore,4
born,4
bosom,4
breathe,4
brow,4
calls,4
censure,4
chamber,4
change,4
closes,4
clouds,4
commandment,4
commend,4
consent,4
consequence,4
cousin,4
cunning,4
cup,4
cursed,4
deep,4
deliver,4
didst,4
died,4
direct,4
discretion,4
draws,4
dreams,4
drift,4
ease,4
ecstasy,4
elsinore,4
entertainment,4
evil,4
fain,4
favour,4
fight,4
fingers,4
foot,4
forget,4
frame,4
freely,4
gallows,4
giving,4
glad,4
grown,4
habit,4
hang,4
happy,4
heat,4
hecuba,4
honour’d,4
horrible,4
house,4
image,4
imagination,4
impart,4
imports,4
infinite,4
instant,4
kill,4
lands,4
lead,4
leisure,4
lend,4
length,4
lights,4
lives,4
lov’d,4
main,4
maker,4
meant,4
methought,4
mock,4
modesty,4
month,4
months,4
motion,4
native,4
pastoral,4
pate,4
pause,4
pay,4
person,4
pity,4
pleasure,4
poison’d,4
polack,4
practice,4
priam,4
property,4
quality,4
quantity,4
ready,4
remembrance,4
return’d,4
rose,4
safety,4
secret,4
send,4
sends,4
shortly,4
sigh,4
sits,4
sleeping,4
sleeps,4
snow,4
spade,4
stage,4
stands,4
stars,4
start,4
stop,4
straight,4
strong,4
stronger,4
tale,4
ten,4
tend,4
tender,4
thinking,4
thrice,4
thrift,4
throat,4
th’earth,4
tomorrow,4
treasure,4
trumpets,4
turn’d,4
twenty,4
unnatural,4
violence,4
violent,4
wear,4
weeds,4
weep,4
whereto,4
white,4
wi,4
wide,4
wild,4
wits,4
wittenberg,4
worm,4
wretched,4
ye,4
yea,4
you’ll,4
aboard,3
accident,3
actor,3
addition,3
admiration,3
advice,3
affair,3
ah,3
alack,3
angels,3
appears,3
appear’d,3
argal,3
armed,3
armour,3
assume,3
avoid,3
beating,3
beckons,3
beggar,3
bend,3
bent,3
bitter,3
blame,3
bless,3
blow,3
bold,3
book,3
borne,3
bow,3
boy,3
brave,3
burst,3
canst,3
cap,3
carry,3
ceremony,3
chaste,3
cheer,3
chief,3
children,3
clay,3
close,3
closet,3
complexion,3
confession,3
content,3
corruption,3
corse,3
counsel,3
count,3
country,3
courtier,3
creatures,3
cried,3
crimes,3
defend,3
delight,3
delights,3
denmark’s,3
desires,3
dew,3
distemper,3
distracted,3
doomsday,3
doors,3
dozen,3
dreadful,3
dry,3
ducats,3
edge,3
encounter,3
enemy,3
entreat,3
estate,3
excellence,3
faithful,3
fancy,3
fantasy,3
faults,3
feast,3
fee,3
feeling,3
fellows,3
fiery,3
fix’d,3
flat,3
foolish,3
force,3
forms,3
funeral,3
gain,3
gaming,3
gather,3
generous,3
gods,3
god’s,3
golden,3
gonzago,3
goodly,3
green,3
gross,3
guard,3
guilt,3
hadst,3
hangers,3
haply,3
hat,3
hears,3
heartily,3
heels,3
hercules,3
hey,3
hill,3
historical,3
hits,3
honourable,3
idle,3
if’t,3
ignorance,3
ignorant,3
importing,3
incestuous,3
indifferent,3
jephthah,3
jest,3
jig,3
judge,3
judgements,3
justly,3
kisses,3
ladies,3
laying,3
leaves,3
left,3
liberal,3
liege,3
liest,3
likes,3
lines,3
livery,3
lo,3
look’d,3
loud,3
loved,3
loving,3
married,3
masters,3
men’s,3
mere,3
messenger,3
mistress,3
mobled,3
morn,3
mountain,3
murderer,3
nation,3
neck,3
ne’er,3
nights,3
nonny,3
observe,3
occasion,3
odds,3
offended,3
offer,3
ordnance,3
organ,3
ourself,3
outward,3
passing,3
past,3
patient,3
pious,3
pipe,3
pit,3
piteous,3
pith,3
player,3
pluck,3
poland,3
powers,3
prepare,3
presence,3
prince,3
process,3
profit,3
proud,3
prove,3
prov’d,3
pure,3
purposes,3
purse,3
rage,3
rapier,3
rapiers,3
rash,3
rat,3
recorders,3
recover,3
remains,3
repent,3
reveng’d,3
rich,3
rises,3
rites,3
rouse,3
royal,3
rul’d,3
sail,3
sailors,3
saint,3
salt,3
scope,3
seal,3
secrecy,3
servant,3
shadow,3
shake,3
shoulder,3
sirs,3
skill,3
slow,3
smiling,3
solemn,3
sore,3
sort,3
sovereign,3
special,3
speed,3
sponge,3
sport,3
spring,3
stay’d,3
steel,3
stick,3
stole,3
story,3
stuff,3
subject,3
suffer,3
suffers,3
suit,3
suits,3
tame,3
ta’en,3
tear,3
tempt,3
tenders,3
theme,3
thick,3
thirty,3
thither,3
throws,3
tongues,3
touching,3
trial,3
trick,3
tricks,3
twill,3
unfold,3
unseen,3
vice,3
visitation,3
vouchsafe,3
wanton,3
was’t,3
waves,3
wed,3
wheel,3
wherefore,3
win,3
winds,3
wisest,3
withdraw,3
wondrous,3
wont,3
worse,3
worth,3
wretch,3
absolute,2
absurd,2
accent,2
ache,2
actions,2
actors,2
acts,2
admit,2
advancement,2
affliction,2
allowance,2
all’s,2
aloof,2
amazement,2
ambassadors,2
ambitious,2
amiss,2
antique,2
ape,2
apparition,2
apprehension,2
approve,2
apt,2
arm’d,2
arrant,2
arrows,2
article,2
asleep,2
assay,2
assigns,2
assistant,2
assurance,2
assur’d,2
attended,2
author,2
awake,2
awe,2
axe,2
baby,2
bak’d,2
barbary,2
baser,2
basket,2
bearers,2
bears,2
beasts,2
beautified,2
beggars,2
begins,2
beguile,2
behaviour,2
belike,2
bell,2
beware,2
bird,2
blank,2
blast,2
blasted,2
bleed,2
blown,2
blows,2
blush,2
breaking,2
breaks,2
breathing,2
breed,2
breeding,2
broad,2
broke,2
brook,2
brothers,2
builds,2
bulk,2
burn,2
burning,2
burns,2
buzz,2
by’r,2
caesar,2
calf,2
calm,2
camel,2
canker,2
capable,2
capital,2
captain,2
card,2
carpenter,2
catch,2
caught,2
cease,2
celestial,2
chance,2
chances,2
chapel,2
character,2
charitable,2
cheek,2
cheerfully,2
child,2
choler,2
church,2
city,2
clothes,2
clown,2
clowns,2
coldly,2
collected,2
collection,2
comedy,2
comical,2
comply,2
com’st,2
confine,2
confound,2
contagion,2
continent,2
contrive,2
convert,2
cost,2
couch,2
coward,2
craft,2
creature,2
crew,2
crows,2
cruel,2
curb,2
currents,2
cut,2
daggers,2
danes,2
dearest,2
dearly,2
deceived,2
defeat,2
defect,2
defence,2
delay,2
delicate,2
demand,2
demands,2
deny,2
desert,2
desperation,2
destroy,2
diadem,2
diet,2
difference,2
dig,2
dignity,2
directly,2
dirt,2
disclos’d,2
dishonour,2
dismal,2
dispatch,2
distraction,2
distrust,2
divide,2
divinity,2
dog,2
doubtful,2
dove,2
drinks,2
drive,2
drowned,2
drum,2
eager,2
easiness,2
easy,2
eats,2
effects,2
em,2
embrace,2
empire,2
employment,2
enact,2
enemies,2
enterprise,2
entreaty,2
envenom’d,2
envy,2
epitaph,2
equal,2
escape,2
eternal,2
exchange,2
exercise,2
express,2
extremity,2
faculties,2
falling,2
fall’n,2
fame,2
fares,2
farm,2
fate,2
fates,2
fathers,2
favours,2
fears,2
feature,2
fed,2
feet,2
fellowship,2
fetch,2
fighting,2
finding,2
fines,2
finger,2
fish,2
fishmonger,2
fits,2
flame,2
flames,2
flaming,2
foe,2
foil,2
food,2
fools,2
forbid,2
forc’d,2
forehead,2
forgive,2
fortunes,2
forty,2
forward,2
for’s,2
for’t,2
francisco,2
frankly,2
fruit,2
gait,2
gall,2
galls,2
gentry,2
glass,2
glow,2
goodness,2
graces,2
grapple,2
grass,2
graves,2
grieve,2
guest,2
guts,2
hall,2
happily,2
harsh,2
ha’t,2
heads,2
hearers,2
hearts,2
heavenly,2
heed,2
heel,2
held,2
heraldry,2
hid,2
hideous,2
history,2
hitherto,2
hobby,2
hole,2
holy,2
horrid,2
horridly,2
horses,2
hours,2
hundred,2
hurt,2
husband’s,2
ice,2
imminent,2
imponed,2
incens’d,2
inclination,2
inform,2
instrument,2
intent,2
issue,2
it’s,2
jealousy,2
join,2
joint,2
jot,2
jove,2
joys,2
julius,2
jump,2
keen,2
kettle,2
kills,2
kin,2
kings,2
kissing,2
knavery,2
knavish,2
kneels,2
knees,2
know’st,2
labour,2
laertes’s,2
lament,2
lap,2
larded,2
lasting,2
lawless,2
leaps,2
level,2
levies,2
limbs,2
line,2
lips,2
liquor,2
living,2
loam,2
lobby,2
lock,2
lock’d,2
loose,2
lords,2
lucianus,2
lunacy,2
lungs,2
lust,2
lying,2
maggots,2
maiden,2
maids,2
majestical,2
majesties,2
malicious,2
manners,2
marvellous,2
mason,2
matters,2
meantime,2
meeting,2
melancholy,2
melt,2
merit,2
merry,2
method,2
middle,2
mighty,2
minds,2
mind’s,2
mirror,2
mirth,2
mischance,2
mole,2
moment,2
money,2
mount,2
mountains,2
mouse,2
mouths,2
moves,2
muddy,2
mutes,2
naked,2
nature’s,2
naught,2
nearer,2
needful,2
neglected,2
nephew,2
nephew’s,2
neptune’s,2
norman,2
north,2
nose,2
oath,2
obedience,2
obligation,2
observance,2
occasions,2
odd,2
offices,2
opinions,2
opposition,2
orchard,2
origin,2
overdone,2
pace,2
painted,2
pair,2
palm,2
pardon’d,2
passage,2
passionate,2
pastime,2
patch,2
peasant,2
peep,2
perform’d,2
perfume,2
pestilent,2
petty,2
philosophy,2
picked,2
picture,2
plac’d,2
plague,2
platform,2
playing,2
play’d,2
pleasures,2
plots,2
plucks,2
poisoner,2
pole,2
post,2
potent,2
pours,2
praise,2
prayer,2
prayers,2
precedent,2
precepts,2
precious,2
pregnant,2
pretty,2
prevent,2
prisoner,2
proceed,2
proclaim,2
proclaims,2
prodigal,2
profound,2
promise,2
promis’d,2
proper,2
prophesy,2
propose,2
providence,2
puff’d,2
purging,2
purpos’d,2
pursue,2
quarrel,2
quills,2
quit,2
ranker,2
rate,2
reading,2
reasons,2
rebellious,2
receiv’d,2
recoveries,2
red,2
regard,2
region,2
reliev’d,2
relish,2
remain,2
remove,2
repair,2
reply,2
requite,2
respect,2
returns,2
rewards,2
rhenish,2
richer,2
rights,2
ring,2
rise,2
roar,2
rogue,2
roman,2
rome,2
rotten,2
roughly,2
rub,2
rude,2
rue,2
rugged,2
run,2
runs,2
sable,2
sables,2
safe,2
safely,2
salvation,2
sat,2
sblood,2
scale,2
scandal,2
scape,2
scarce,2
scarcely,2
scourge,2
scripture,2
seat,2
secure,2
seeks,2
seem’d,2
sending,2
senseless,2
serpent,2
servants,2
serve,2
serves,2
serv’d,2
sets,2
settled,2
shapes,2
sheep,2
she’ll,2
she’s,2
ship,2
shipwright,2
shoes,2
shouldst,2
shuffling,2
sickly,2
sickness,2
signify,2
sin,2
sinews,2
single,2
sith,2
skins,2
slander,2
slaughter,2
slightly,2
smile,2
smooth,2
soil,2
soldier,2
songs,2
sooner,2
source,2
spoke,2
spoken,2
spokes,2
spread,2
spurns,2
stamp,2
station,2
step,2
sting,2
stone,2
stops,2
strangely,2
straw,2
straws,2
streets,2
strength,2
strict,2
strike,2
strumpet,2
substance,2
succession,2
suck’d,2
sultry,2
sum,2
summit,2
supper,2
suppress,2
swearing,2
sweat,2
sweep,2
swift,2
sworn,2
swounds,2
tables,2
talk,2
talk’d,2
tardy,2
tedious,2
teeth,2
term,2
thou’lt,2
throne,2
thrown,2
thunder,2
th’ambassadors,2
th’election,2
th’offence,2
toe,2
toy,2
trace,2
trade,2
tragedy,2
tragical,2
trail,2
trains,2
translate,2
travel,2
treacherous,2
treachery,2
treble,2
tree,2
tremble,2
tribute,2
trouble,2
troubles,2
truant,2
trust,2
tune,2
tush,2
twain,2
twixt,2
unbated,2
unction,2
understanding,2
undertake,2
union,2
unknown,2
unworthy,2
upon’t,2
valiant,2
vantage,2
variable,2
vengeance,2
venom,2
view,2
violets,2
virtues,2
vouchers,2
vow,2
voyage,2
vulgar,2
wag,2
wait,2
walks,2
war,2
wars,2
wary,2
wash,2
waste,2
wax,2
waxes,2
weak,2
weakness,2
weapon,2
wears,2
weary,2
weasel,2
weigh,2
weigh’d,2
west,2
whale,2
whereof,2
where’s,2
whips,2
whisper,2
whoreson,2
wildly,2
willingly,2
wings,2
wipe,2
wise,2
wisely,2
witchcraft,2
witness,2
wittingly,2
wonderful,2
wonted,2
world’s,2
wormwood,2
wounded,2
wounds,2
wrong’d,2
wrote,2
yield,2
yonder,2
abate,1
abatements,1
abhorred,1
abominably,1
abridgement,1
abroad,1
absent,1
abstinence,1
abstracts,1
abuse,1
abuses,1
abus’d,1
accepts,1
access,1
accidental,1
accidents,1
accord,1
account,1
accounted,1
accurst,1
accuse,1
achievements,1
acquaint,1
acquire,1
acquittance,1
acres,1
acted,1
acting,1
actively,1
adam,1
adam’s,1
adders,1
addicted,1
address,1
adheres,1
adjoin’d,1
admirable,1
admittance,1
adoption,1
adulterate,1
advances,1
advancing,1
advanc’d,1
advantage,1
adventurous,1
advise,1
aeneas,1
aerie,1
afar,1
afeard,1
affairs,1
affectation,1
affections,1
afflict,1
afflicts,1
affrighted,1
affront,1
afraid,1
afternoon,1
ago,1
agreeing,1
aid,1
aim,1
aim’d,1
airs,1
airy,1
alarm,1
allegiance,1
alleys,1
allowed,1
allow’d,1
altitude,1
altogether,1
amaze,1
amaz’d,1
amber,1
ambiguous,1
amble,1
amen,1
amities,1
anchor’s,1
ancient,1
and’t,1
anger,1
angle,1
angry,1
animals,1
ankle,1
annexment,1
annual,1
anoint,1
another’s,1
answerest,1
answer’d,1
antic,1
anticipation,1
antiquity,1
apiece,1
apoplex’d,1
appal,1
apparel,1
appetite,1
applaud,1
appliance,1
appointment,1
appurtenance,1
aptly,1
ardour,1
argues,1
aright,1
army,1
aroused,1
arraign,1
arrest,1
arrests,1
arriv’d,1
arrow,1
artery,1
articles,1
artless,1
ashamed,1
aslant,1
aspect,1
assail,1
assault,1
assays,1
assay’d,1
assure,1
asunder,1
as’es,1
attend,1
attendant,1
attends,1
attent,1
attractive,1
attribute,1
audit,1
augury,1
aunt,1
auspicious,1
authorities,1
avouch,1
awry,1
aye,1
babe,1
backward,1
bade,1
bait,1
baker’s,1
ban,1
bands,1
bank,1
baptista,1
bar,1
barber’s,1
bare,1
barefac’d,1
barefoot,1
bark,1
bark’d,1
barrel,1
barren,1
barr’d,1
baseness,1
bastard,1
bat,1
bated,1
battalions,1
batten,1
battery,1
battlements,1
bawd,1
bawdry,1
bawds,1
bawdy,1
beam,1
beards,1
bearing,1
bear’t,1
beaten,1
beats,1
beauteous,1
beautied,1
beauties,1
beaver,1
beck,1
bedded,1
beds,1
beer,1
beetles,1
befall’n,1
befitted,1
beget,1
beggar’d,1
behav’d,1
behold,1
behove,1
behoves,1
belief,1
believed,1
bellow,1
bellowed,1
bells,1
belov’d,1
bended,1
benefit,1
benetted,1
berattle,1
beseech’d,1
beshrew,1
besmirch,1
bespeak,1
bestial,1
bestowed,1
bestow’d,1
bet,1
beteem,1
bethought,1
betime,1
betimes,1
betoken,1
better’d,1
bevy,1
bewept,1
bias,1
bier,1
bilboes,1
birds,1
bisson,1
bites,1
blackest,1
blanket,1
blanks,1
blasting,1
blastments,1
blasts,1
blaze,1
blazes,1
blazon,1
bleeding,1
blench,1
blessed,1
bles’d,1
blind,1
blister,1
bloat,1
bloodily,1
blossoms,1
blue,1
blunted,1
blurs,1
board,1
boarded,1
bodes,1
bodikin,1
bodiless,1
bodkin,1
boist’rous,1
bonds,1
bonnet,1
bonny,1
books,1
borrower,1
borrowing,1
borrow’d,1
botch,1
boughs,1
bought,1
bounded,1
bounds,1
bounteous,1
bounty,1
bourn,1
bout,1
bouts,1
bowl,1
box,1
boys,1
brainish,1
branches,1
brands,1
bravery,1
bray,1
brazen,1
braz’d,1
breach,1
bread,1
breadth,1
breast,1
breathes,1
breeder,1
brevity,1
bride,1
bringing,1
brings,1
broken,1
brokers,1
brooch,1
brood,1
brothel,1
brows,1
bruit,1
brute,1
brutus,1
bubbles,1
budge,1
buffets,1
bugs,1
build,1
built,1
bulwark,1
bung,1
burden,1
burnt,1
busy,1
button,1
buttons,1
buy,1
buyer,1
buys,1
buzzers,1
cabin,1
cain’s,1
calamity,1
calendar,1
called,1
call’d,1
call’t,1
calmly,1
calumnious,1
calumny,1
calves,1
candied,1
cannoneer,1
cannons,1
canon,1
canoniz’d,1
canopy,1
capability,1
capitol,1
capons,1
caps,1
captains,1
carbuncles,1
carefully,1
careless,1
carnal,1
carouses,1
carp,1
carriage,1
carried,1
carries,1
carrion,1
carrying,1
cart,1
carters,1
carve,1
casual,1
cat,1
cataplasm,1
cautel,1
caution,1
caviare,1
celebrated,1
cell,1
cellarage,1
centre,1
cerements,1
certainty,1
chalice,1
challenger,1
chameleon’s,1
changed,1
changeling,1
chanson,1
chapless,1
chariest,1
charity,1
charm,1
chase,1
chaunted,1
checking,1
cherub,1
chide,1
chiefest,1
chiefly,1
chop,1
chopine,1
chorus,1
chough,1
christians,1
chronicles,1
churches,1
churchyards,1
churlish,1
cicatrice,1
circumscrib’d,1
circumstances,1
circumvent,1
clad,1
claim,1
clamb’ring,1
clamour,1
clapped,1
claudio,1
claudius,1
claw’d,1
cleave,1
cleft,1
clemency,1
clepe,1
cliff,1
climatures,1
cloak,1
closely,1
clothe,1
cloud,1
clout,1
clouts,1
clutch,1
coach,1
coagulate,1
cockle,1
coil,1
coinage,1
collateral,1
colleagued,1
columbines,1
combat,1
combated,1
combination,1
combined,1
comfort,1
comma,1
commanded,1
commands,1
commencement,1
commendable,1
commended,1
comment,1
commerce,1
commune,1
commutual,1
compact,1
companies,1
companions,1
company,1
compare,1
compass,1
compelled,1
compell’d,1
competent,1
complete,1
compost,1
compos’d,1
compound,1
compounded,1
compulsatory,1
compulsive,1
comrade,1
conceal’d,1
conceited,1
conceive,1
conception,1
concernancy,1
concernings,1
concluded,1
conclusions,1
condolement,1
confederate,1
conference,1
confines,1
confin’d,1
confront,1
confusion,1
congregation,1
conjectures,1
conjoin’d,1
conjunctive,1
conjuration,1
conjure,1
conjures,1
conjuring,1
conqueror,1
conquest,1
considered,1
consider’d,1
consonancy,1
constant,1
constantly,1
consummation,1
contagious,1
contend,1
contents,1
continual,1
contract,1
contracted,1
contraction,1
contrary,1
contriving,1
controversy,1
contumely,1
convenience,1
conveniently,1
conversation,1
converse,1
converted,1
convey,1
conveyance,1
conveyances,1
convocation,1
convoy,1
cool,1
copied,1
cop’d,1
core,1
corner,1
coronation,1
coronet,1
corpse,1
corrupted,1
corses,1
costly,1
coted,1
couched,1
counsellor,1
counter,1
counterfeit,1
countries,1
countrymen,1
country’s,1
couple,1
couplets,1
courses,1
courteous,1
courtesy,1
courtiers,1
courtier’s,1
cov’nant,1
cowards,1
cozenage,1
cozen’d,1
crab,1
crack,1
cracked,1
cracks,1
crafts,1
crafty,1
crammed,1
crash,1
craven,1
craves,1
crawling,1
creation,1
credent,1
creep,1
crescent,1
crib,1
crier,1
crimeful,1
croaking,1
crocodile,1
crook,1
cross,1
crow,1
crowing,1
crowner,1
crowner’s,1
crowns,1
crust,1
cuckold,1
cudgel,1
cue,1
cuffs,1
cunnings,1
cups,1
curd,1
cure,1
curiously,1
curls,1
curse,1
cursing,1
customary,1
cutpurse,1
cyclops,1
dagger,1
daily,1
daintier,1
daisies,1
daisy,1
dalliance,1
dally,1
dallying,1
damn,1
damnable,1
damnation,1
damon,1
danskers,1
dark,1
darkest,1
dar’d,1
dar’st,1
daughters,1
dawning,1
deal,1
dealt,1
dearth,1
deaths,1
debate,1
debatement,1
debt,1
decayer,1
deck’d,1
declension,1
decline,1
declines,1
declining,1
deeds,1
deeply,1
deer,1
defeated,1
defeats,1
defective,1
define,1
definement,1
defy,1
deject,1
dejected,1
delays,1
deliberate,1
delivered,1
deliver’d,1
delve,1
delver,1
demanded,1
demi,1
demonstrated,1
denied,1
denies,1
denote,1
depart,1
departed,1
depend,1
depends,1
deprive,1
depriv’d,1
deserve,1
deserved,1
design’d,1
desirous,1
desk,1
detecting,1
determination,1
determine,1
device,1
devices,1
devise,1
devis’d,1
devotion’s,1
devoutly,1
dews,1
dexterity,1
diameter,1
dicers,1
diction,1
dido,1
diest,1
differences,1
digested,1
digg’d,1
digs,1
dilated,1
dild,1
diligence,1
dip,1
dipping,1
dire,1
directions,1
dirge,1
dirty,1
disappointed,1
disasters,1
disclaiming,1
disclose,1
discomfort,1
discord,1
discovery,1
disease,1
diseased,1
diseases,1
dish,1
dishes,1
disjoint,1
dislike,1
dismantled,1
dismay,1
dispatch’d,1
dispriz’d,1
distance,1
distant,1
distempered,1
distill’d,1
distilment,1
distinguish,1
distract,1
distress,1
ditchers,1
divided,1
divine,1
divulging,1
dizzy,1
doctor,1
document,1
dogs,1
dole,1
dominions,1
donn’d,1
doom,1
doom’d,1
dotes,1
doublet,1
doubts,1
douts,1
dowry,1
drab,1
drabbing,1
dragging,1
dragg’d,1
drains,1
dram,1
draughts,1
dreaded,1
dreadfully,1
dreamt,1
dressed,1
drinking,1
driven,1
drives,1
drooping,1
drop,1
dropping,1
droppings,1
drossy,1
drowns,1
drugs,1
drunk,1
drunkards,1
ducat,1
due,1
dug,1
duke’s,1
duller,1
dulls,1
dungeons,1
dupp’d,1
duties,1
dwelling,1
dye,1
dying,1
earnest,1
earthly,1
easier,1
easily,1
easing,1
east,1
eastward,1
eaten,1
eclipse,1
ecstacy,1
edified,1
eggshell,1
eisel,1
elder,1
eldest,1
election,1
element,1
eleven,1
eloquent,1
embark’d,1
embracing,1
emperor,1
emphasis,1
employ,1
empty,1
emulate,1
enactures,1
encompassment,1
encounter’d,1
encumber’d,1
endeavour,1
endure,1
engag’d,1
enginer,1
england’s,1
english,1
enlarg’d,1
enmity,1
enquire,1
enseamed,1
enterprises,1
enters,1
entrance,1
entreated,1
entreatments,1
envenom,1
envious,1
enviously,1
equivocation,1
err,1
erring,1
errors,1
eruption,1
escoted,1
especial,1
espials,1
essentially,1
esteem’d,1
estimation,1
eterne,1
eternity,1
event,1
events,1
everlasting,1
evermore,1
evidence,1
exact,1
examples,1
exceed,1
exceedingly,1
exception,1
excitements,1
exclaim,1
excrements,1
excuse,1
exercises,1
exhort,1
exits,1
expel,1
expend,1
expense,1
exploit,1
exposing,1
expostulate,1
express’d,1
extant,1
extent,1
extinct,1
extolment,1
extorted,1
eyases,1
eyelids,1
e’er,1
faction,1
faded,1
fail,1
fail’d,1
fairly,1
fairy,1
falconers,1
fallen,1
falsehood,1
falsely,1
familiar,1
famous,1
fang’d,1
fanned,1
fantastic,1
fantastically,1
fardels,1
fathoms,1
fatness,1
fatted,1
favourite,1
fawning,1
fay,1
fearful,1
fearing,1
fear’d,1
feather,1
feathers,1
feats,1
feeds,1
feel,1
feelingly,1
feels,1
felicity,1
fellies,1
fellow’s,1
female,1
fencing,1
fennel,1
fertile,1
fetters,1
fiction,1
field,1
fiends,1
fierce,1
fifty,1
filial,1
fill,1
film,1
find’st,1
finger’d,1
fires,1
firm,1
firmament,1
fitness,1
fitted,1
fitting,1
flagon,1
flash,1
flashes,1
flats,1
flatter,1
flattering,1
flatter’d,1
flaw,1
flaxen,1
flies,1
flights,1
flints,1
flood,1
flourishes,1
flush,1
flushing,1
foh,1
folded,1
folk,1
follow’d,1
folly,1
fond,1
foolery,1
footed,1
forbear,1
forces,1
forcing,1
fordo,1
fordoes,1
fore,1
foreign,1
foreknowing,1
foresaid,1
forest,1
forestall,1
forestalled,1
forfeit,1
forged,1
forgeries,1
forgery,1
forgetting,1
forgiveness,1
forgone,1
forgotten,1
forg’d,1
formal,1
forthwith,1
fortified,1
forts,1
fought,1
foul’d,1
fox,1
frailty,1
freeze,1
frenchman,1
fret,1
fretful,1
fretted,1
friending,1
friendship,1
frighted,1
frock,1
front,1
frontier,1
frost,1
frowningly,1
frown’d,1
fruitful,1
fruits,1
fulfill’d,1
function,1
functions,1
furnish,1
fust,1
gaged,1
gallant,1
galled,1
gall’d,1
gambol,1
gambols,1
gape,1
garb,1
garbage,1
garden,1
gardeners,1
garland,1
garlands,1
garments,1
garrison’d,1
gates,1
gaudy,1
gave’t,1
gem,1
gender,1
gentlewoman,1
gently,1
german,1
gestures,1
ghost’s,1
giant,1
gib,1
gibber,1
gibes,1
gilded,1
gins,1
girdle,1
girl,1
gis,1
givers,1
glares,1
glassy,1
glean,1
gleaned,1
glimpses,1
globe,1
goblin,1
goblins,1
godlike,1
gold,1
gonzago’s,1
goodman,1
goose,1
gore,1
gorge,1
govern,1
gown,1
grained,1
grand,1
grandsire,1
grant,1
grappling,1
grating,1
gratis,1
graveness,1
grave’s,1
greatly,1
greatness,1
greeks,1
greenly,1
greet,1
greeted,1
greeting,1
grew,1
grey,1
griefs,1
grieves,1
griev’d,1
grinding,1
grinning,1
grizzled,1
groan,1
groaning,1
groans,1
grop’d,1
grosser,1
grossly,1
groundlings,1
grounds,1
growing,1
grunt,1
guarded,1
guards,1
guiltless,1
gules,1
gulf,1
gum,1
gyved,1
gyves,1
habits,1
hail,1
hair,1
hairs,1
halfpenny,1
hallow’d,1
halt,1
hammers,1
hams,1
handsaw,1
handsome,1
hap,1
happen,1
happiness,1
haps,1
harbingers,1
hardy,1
hark,1
harlot,1
harlot’s,1
harmony,1
harping,1
harrow,1
harrows,1
harshly,1
hart,1
hasten,1
hasty,1
hatch,1
hatchment,1
hatch’d,1
hate,1
haunt,1
have’t,1
haviour,1
havoc,1
hawk,1
hazard,1
headed,1
healthful,1
hearer,1
hearsed,1
heart’s,1
heathen,1
heaven’s,1
heaves,1
heavily,1
hebenon,1
hecate’s,1
hectic,1
hedge,1
heedful,1
height,1
heir,1
hellish,1
helpful,1
helps,1
hems,1
hent,1
herald,1
herb,1
herod,1
herods,1
heroes,1
hew,1
he’ll,1
hic,1
hies,1
highly,1
highness,1
hillo,1
hilts,1
hinges,1
hire,1
hoary,1
hoist,1
holding,1
hold’st,1
holla,1
hollow,1
homage,1
honey,1
honeying,1
honoured,1
honours,1
honour’s,1
hoodman,1
hoops,1
hopes,1
hop’d,1
horrors,1
horseback,1
host,1
hourly,1
houses,1
house’s,1
hover,1
howe’er,1
howling,1
howsoever,1
hue,1
huge,1
hugger,1
hum,1
humanity,1
humble,1
humorous,1
humour,1
hung,1
hunts,1
hurts,1
husbandry,1
husbands,1
hush,1
hymen,1
hyperion,1
hyperion’s,1
hypocrite,1
hypocrites,1
hyrcanian,1
idol,1
ilium,1
illo,1
ills,1
illusion,1
imaginations,1
imagine,1
imitated,1
immediately,1
immortal,1
impartment,1
impasted,1
impatient,1
imperfections,1
imperious,1
impetuous,1
impious,1
implements,1
implorators,1
importunate,1
importunity,1
importun’d,1
impotence,1
impotent,1
impress,1
imputation,1
incapable,1
incensed,1
incest,1
inch,1
inclining,1
inclin’d,1
incontinency,1
incorporal,1
incorps’d,1
incorrect,1
increase,1
indentures,1
index,1
indifferently,1
indirections,1
indiscretion,1
indite,1
individable,1
indued,1
inexplicable,1
infallibly,1
infants,1
infect,1
infected,1
infects,1
influence,1
infusion,1
ingenious,1
inheritance,1
inheritor,1
inhibition,1
inky,1
inmost,1
innocent,1
innovation,1
inoculate,1
inquiry,1
insert,1
insinuation,1
insolence,1
instance,1
instances,1
instantly,1
instructs,1
instrumental,1
intend,1
intents,1
inter,1
interim,1
interpret,1
intruding,1
inurn’d,1
inventorially,1
inventors,1
investments,1
invisible,1
invite,1
invites,1
invulnerable,1
israel,1
italian,1
i’d,1
i’m,1
i’ve,1
jade,1
jangled,1
jaw,1
jawbone,1
jaws,1
jelly,1
jester,1
jocund,1
john,1
jointly,1
jointress,1
journeymen,1
journeys,1
jowls,1
joyfully,1
judges,1
judicious,1
juggled,1
juice,1
justice,1
key,1
kibe,1
kick,1
killed,1
kindless,1
kingly,1
kiss’d,1
kites,1
knaves,1
knee,1
knew’st,1
knife,1
knight,1
knock,1
knocked,1
knocking,1
knotted,1
knowest,1
knowing,1
knowledge,1
know’t,1
la,1
labourer,1
laboursome,1
labour’d,1
lacks,1
lack’d,1
lads,1
ladyship,1
lady’s,1
lain,1
lamord,1
lank,1
laps’d,1
lapwing,1
larger,1
lash,1
lawful,1
lawyer,1
law’s,1
lays,1
lazar,1
leads,1
lean,1
leans,1
leaping,1
learning,1
lecherous,1
lecture,1
led,1
legs,1
lender,1
lends,1
lenten,1
leperous,1
lesser,1
lesson,1
lethe,1
letter,1
levied,1
lewdness,1
liar,1
libertine,1
license,1
lick,1
lids,1
lief,1
liegemen,1
life’s,1
lifted,1
lighted,1
lightest,1
lightness,1
likelihood,1
likeness,1
likewise,1
limed,1
link’d,1
lion’s,1
liquid,1
lisp,1
lists,1
littlest,1
lived,1
liver’d,1
liv’d,1
liv’st,1
load,1
loan,1
loathsome,1
locks,1
lodge,1
lodg’d,1
lofty,1
loggets,1
loins,1
loneliness,1
longed,1
looked,1
loosed,1
loser,1
loses,1
losing,1
loss,1
lot,1
loth,1
loudly,1
lover,1
lovingly,1
low,1
lowest,1
lug,1
lunacies,1
luxury,1
machine,1
magic,1
maid’s,1
maimed,1
maintains,1
makers,1
malefactions,1
mallecho,1
mandate,1
manner,1
mantle,1
marble,1
marching,1
margin,1
market,1
marriages,1
marrow,1
mars,1
marshal,1
mars’s,1
mart,1
martial,1
marvel,1
massy,1
masterly,1
master’s,1
match,1
match’d,1
matin,1
matron’s,1
mayst,1
mazard,1
meaning,1
meats,1
medicine,1
meditation,1
meed,1
mellow,1
melodious,1
mend,1
mercury,1
mermaid,1
merriment,1
mess,1
message,1
messengers,1
met,1
metal,1
metals,1
mettle,1
mettled,1
mew,1
miching,1
midnight,1
mightier,1
mightiest,1
milch,1
mildew’d,1
milk,1
milky,1
million,1
millions,1
mincing,1
mineral,1
mines,1
mingled,1
mining,1
minister,1
ministers,1
minist’ring,1
minute,1
minutes,1
miraculous,1
mischief,1
miss,1
mistake,1
mistook,1
mixture,1
moan,1
mockery,1
model,1
moderate,1
modesties,1
moiety,1
moist,1
monarchs,1
monday,1
monster,1
monsters,1
monstrous,1
monument,1
mood,1
moods,1
moons,1
moor,1
mope,1
morrow,1
mortis’d,1
mote,1
mothers,1
mould,1
moult,1
mountebank,1
mourners,1
mourning,1
mourn’d,1
mousetrap,1
mouthed,1
moving,1
mov’d,1
muddied,1
mugger,1
multitude,1
murdering,1
murderous,1
murders,1
murder’d,1
musty,1
mute,1
mutine,1
mutinies,1
mystery,1
name’s,1
napkin,1
narrow,1
nasty,1
nations,1
natures,1
natur’d,1
nave,1
necessaries,1
necessity,1
neglect,1
negligence,1
neighbour,1
neighbour’d,1
nemean,1
nero,1
nerve,1
nettles,1
neutral,1
newly,1
nickname,1
niggard,1
nighted,1
nightly,1
night’s,1
nill,1
niobe,1
nipping,1
nobility,1
nobler,1
noblest,1
nods,1
nomination,1
nonce,1
normandy,1
northerly,1
noted,1
notes,1
nothing’s,1
nowadays,1
noyance,1
nutshell,1
nymph,1
oaths,1
obeys,1
object,1
objects,1
oblivion,1
obscure,1
obsequies,1
obsequious,1
observant,1
observation,1
observers,1
obstinate,1
occulted,1
occurrents,1
ocean,1
offal,1
offences,1
offence’s,1
offend,1
offendendo,1
offends,1
offer’d,1
office,1
officers,1
olympus,1
omen,1
ominous,1
one’s,1
ope,1
open’d,1
operant,1
ophelia’s,1
opinion,1
opposing,1
opposite,1
opposites,1
oppos’d,1
oppression,1
oppressor’s,1
oppress’d,1
op’d,1
orb,1
orbed,1
orderly,1
ordinant,1
ore,1
orisons,1
ossa,1
ostentation,1
outbreak,1
outface,1
outlive,1
outlives,1
outrageous,1
outstretch’d,1
overcome,1
overlooked,1
overpeering,1
overthrown,1
owl,1
owner,1
o’erbears,1
o’ercame,1
o’erdoing,1
o’ergrowth,1
o’erhanging,1
o’erhasty,1
o’erhear,1
o’erleavens,1
o’ermaster’t,1
o’errule,1
o’ersized,1
o’erstep,1
o’ersways,1
o’erteemed,1
o’erthrown,1
o’ertook,1
o’ertop,1
o’erweigh,1
o’erwhelm,1
packet,1
packing,1
paddling,1
paddock,1
pagan,1
pah,1
paid,1
pain,1
paint,1
painting,1
paintings,1
pajock,1
pales,1
pall,1
palmy,1
palpable,1
panders,1
pangs,1
pansies,1
paper,1
paradox,1
paragon,1
parching,1
parchment,1
pardon’t,1
paris,1
parle,1
parley,1
partial,1
partisan,1
party,1
passages,1
passes,1
passeth,1
passion’s,1
pastors,1
pat,1
patches,1
pated,1
path,1
patiently,1
patrick,1
pays,1
peak,1
peal,1
pear,1
pearl,1
pebbles,1
peculiar,1
peevish,1
pelican,1
pelion,1
pendant,1
penetrable,1
people,1
perceive,1
perceiv’d,1
perdie,1
perdition,1
perfect,1
perfections,1
perform,1
performance,1
perilous,1
periwig,1
permanent,1
pernicious,1
perpend,1
persevere,1
personal,1
persons,1
persuade,1
perturbed,1
perusal,1
peruse,1
pester,1
pestilence,1
petard,1
petition,1
phoebus,1
physic,1
pickaxe,1
pickers,1
pictures,1
pie,1
pigeon,1
pile,1
pinch,1
pin’s,1
pioner,1
pirate,1
pitied,1
pitiful,1
plain,1
planets,1
plastering,1
plausive,1
plautus,1
played,1
plays,1
play’s,1
pleasant,1
pleased,1
pleasing,1
pleas’d,1
pledge,1
plentiful,1
pleurisy,1
plot,1
plum,1
plunge,1
ply,1
pocket,1
pocky,1
poem,1
poet,1
poisoning,1
poisons,1
polacks,1
policy,1
politic,1
politician,1
poll,1
pomp,1
ponderous,1
poniards,1
pooh,1
popp’d,1
porches,1
porpentine,1
portal,1
portentous,1
portraiture,1
positively,1
possess,1
possession,1
possess’d,1
posset,1
postscript,1
posy,1
potency,1
potently,1
potion,1
pound,1
pour,1
pour’d,1
powerfully,1
pox,1
practices,1
praised,1
praises,1
prais’d,1
pranks,1
prate,1
prating,1
praying,1
pray’st,1
preaching,1
preceding,1
precisely,1
precurse,1
prenominate,1
preparation,1
preparations,1
prepar’d,1
presentment,1
preserved,1
pressure,1
pressures,1
prettiness,1
prey,1
priam’s,1
prick,1
prick’d,1
pride,1
priest,1
priests,1
primal,1
primrose,1
primy,1
princes,1
private,1
privates,1
privy,1
prize,1
probation,1
proceeded,1
proceeding,1
procession,1
proclaim’d,1
profane,1
profanely,1
profession,1
profoundest,1
progress,1
project,1
prolongs,1
promontory,1
prompted,1
pronounce,1
pronounced,1
pronouncing,1
pronounc’d,1
prophetic,1
proportions,1
proposer,1
props,1
prosperously,1
protestation,1
protests,1
proverb,1
provide,1
provided,1
provincial,1
provoke,1
public,1
pull’d,1
pulse,1
punish,1
punish’d,1
puppets,1
purchases,1
purer,1
purgation,1
purg’d,1
purples,1
purport,1
pursu’d,1
pursu’st,1
pursy,1
push,1
puzzles,1
quaintly,1
quake,1
qualifies,1
quarrelling,1
quarry,1
quarter’d,1
quest,1
questionable,1
quickly,1
quickness,1
quicksilver,1
quiddits,1
quietly,1
quietus,1
quillets,1
quintessence,1
quoted,1
quoth,1
rabble,1
rack,1
radiant,1
rages,1
rags,1
rain,1
rain’d,1
rais’d,1
range,1
rankly,1
rant,1
rare,1
rareness,1
rascal,1
rashly,1
rashness,1
ratified,1
ratifiers,1
raught,1
ravel,1
raven,1
raves,1
raw,1
rawer,1
razed,1
reach,1
reaches,1
readiness,1
realm,1
rear,1
rebellion,1
rebels,1
rebuke,1
received,1
receives,1
reckless,1
reckon,1
reckoning,1
recks,1
recognizances,1
reconcilement,1
records,1
recount,1
recovery,1
rede,1
reechy,1
reels,1
reform,1
reform’d,1
refrain,1
reigns,1
relative,1
relief,1
religion,1
religious,1
remainder,1
remedy,1
remember’d,1
remembrances,1
remiss,1
remorse,1
remorseless,1
removed,1
rend,1
render,1
rendering,1
rendezvous,1
repast,1
repel,1
repentance,1
replication,1
replies,1
repose,1
repugnant,1
repulsed,1
reputation,1
request,1
requiem,1
resemble,1
resembles,1
reserve,1
reserv’d,1
residence,1
resolutes,1
resolution,1
resolve,1
resort,1
respects,1
responsive,1
restore,1
restrain’d,1
rests,1
retain,1
retire,1
retirement,1
retires,1
retiring,1
retrograde,1
returneth,1
reveal,1
revel,1
revels,1
revengeful,1
revenue,1
reverend,1
reverted,1
revisit’st,1
revolution,1
rhapsody,1
rheum,1
rhymed,1
riband,1
rid,1
rightly,1
riotous,1
ripe,1
rite,1
rivals,1
river,1
rivet,1
roars,1
roasted,1
robe,1
robin,1
robustious,1
rock,1
rood,1
roof,1
roscius,1
rosemary,1
roses,1
rot,1
rots,1
rough,1
row,1
royally,1
ruin,1
rule,1
rummage,1
running,1
russet,1
rusty,1
sacred,1
sadly,1
sadness,1
sage,1
salary,1
sale,1
sallets,1
sanctified,1
sanctity,1
sanctuarize,1
sandal,1
sanity,1
sans,1
sate,1
satirical,1
satisfaction,1
satisfied,1
satyr,1
savageness,1
saviour’s,1
savoury,1
saws,1
saw’t,1
sayst,1
say’st,1
scann’d,1
scant,1
scanter,1
scapes,1
scarf’d,1
scattering,1
scenes,1
scent,1
scholar,1
scholars,1
scholar’s,1
school,1
schoolfellows,1
sconce,1
scorn,1
scorns,1
scratch’d,1
screen’d,1
scrimers,1
scruple,1
scuffling,1
scullion,1
se,1
seals,1
search,1
seas,1
seasons,1
season’d,1
seated,1
secrets,1
seduce,1
seed,1
see’st,1
see’t,1
seiz’d,1
select,1
semblable,1
seneca,1
sensibly,1
sentinels,1
sepulchre,1
sequel,1
sequent,1
sere,1
sergeant,1
sewing,1
sexton,1
sexton’s,1
shadows,1
shadow’s,1
shaking,1
shameful,1
shards,1
share,1
shark’d,1
sharp,1
shatter,1
sheen,1
sheet,1
sheeted,1
sheets,1
shelf,1
shell,1
shent,1
shepherds,1
shift,1
shine,1
shipp’d,1
shipwrights,1
shirt,1
shocks,1
shoe,1
shook,1
shoon,1
shoot,1
shortens,1
shove,1
shovel,1
showers,1
shown,1
show’d,1
shreds,1
shrewdly,1
shrill,1
shriving,1
shroud,1
shrouding,1
shrunk,1
shuffled,1
shut,1
sicklied,1
siege,1
sift,1
sighs,1
signet,1
silver’d,1
simple,1
simples,1
singeing,1
singeth,1
sinners,1
sins,1
sin’s,1
sipping,1
sister’s,1
sitting,1
sixteen,1
siz’d,1
skin,1
skirts,1
skyish,1
slanders,1
slaughters,1
slave’s,1
slay,1
sledded,1
sleeper’s,1
slender,1
slight,1
slings,1
slips,1
sliver,1
smart,1
smear’d,1
smelling,1
smells,1
smelt,1
smiles,1
smoothness,1
smote,1
snatches,1
snuff,1
soaks,1
sober,1
society,1
soe’er,1
softly,1
soil’d,1
sold,1
soldier’s,1
sole,1
soles,1
solicited,1
solicitings,1
solid,1
solidity,1
somever,1
song,1
sons,1
son’s,1
sorrows,1
sorts,1
soul’s,1
sounded,1
sounding,1
southerly,1
sovereignty,1
space,1
spacious,1
spades,1
spake,1
spark,1
sparrow,1
speaking,1
spectators,1
speeches,1
speechless,1
speedier,1
speedy,1
spend,1
spendthrift,1
spent,1
sphere,1
spheres,1
spies,1
spills,1
spilt,1
spite,1
splenative,1
split,1
spots,1
springe,1
springes,1
springs,1
sprinkle,1
sprung,1
spur,1
squeak,1
squeezing,1
stabs,1
staff,1
stages,1
stain’d,1
stairs,1
stake,1
stale,1
stalk,1
stalks,1
standing,1
started,1
stately,1
statists,1
statutes,1
stays,1
steal,1
stealers,1
stealing,1
steals,1
steep,1
steep’d,1
steps,1
sterile,1
sterling,1
stern,1
steward,1
stew’d,1
sticks,1
stiffly,1
stirring,1
stirr’d,1
stithy,1
stock,1
stockings,1
stomach,1
stones,1
stonish,1
stooping,1
stoops,1
stopping,1
storm,1
stoup,1
stoups,1
stowed,1
stranger,1
stream,1
strengthen,1
strew,1
strewments,1
strew’d,1
strife,1
strikes,1
striking,1
strings,1
strokes,1
strongest,1
strucken,1
struggling,1
strutted,1
stubborn,1
stubbornness,1
stuck,1
student,1
study,1
stung,1
sty,1
subscrib’d,1
successive,1
suddenly,1
suffered,1
suffering,1
sugar,1
suiting,1
sullies,1
sulph’rous,1
summons,1
sunday,1
sundays,1
superfluous,1
supervise,1
suppliance,1
supply,1
supposal,1
surely,1
surmise,1
surprised,1
surrender,1
survivor,1
suspiration,1
sustain,1
swaddling,1
swaggering,1
swallowed,1
swear’t,1
sweaty,1
sweepstake,1
sweets,1
swinish,1
switzers,1
swoons,1
swords,1
swore,1
sworn’t,1
synod,1
taint,1
taints,1
tanner,1
tann’d,1
target,1
tarre,1
task,1
taste,1
tatters,1
tax,1
tax’d,1
tediousness,1
tells,1
tellus,1
temperance,1
temperately,1
temper’d,1
tempest,1
temple,1
tenable,1
tenantless,1
tenants,1
tennis,1
tent,1
tenures,1
termagant,1
test,1
tether,1
tetter,1
thaw,1
theatre,1
theft,1
thereabout,1
thereof,1
thereon,1
thereto,1
thereunto,1
thews,1
they’ll,1
thicker,1
thieves,1
thin,1
thing’s,1
thinks’t,1
think’t,1
thirties,1
thorns,1
thorny,1
thrall’d,1
threaten,1
threats,1
threat’ning,1
throughly,1
throwing,1
thumb,1
thunders,1
th’ability,1
th’affair,1
th’affliction,1
th’air,1
th’alarm,1
th’ambassador,1
th’ambitious,1
th’arithmetic,1
th’art,1
th’assay,1
th’associates,1
th’effect,1
th’event,1
th’expectancy,1
th’exterior,1
th’extravagant,1
th’garden,1
th’imperial,1
th’imposthume,1
th’impression,1
th’incestuous,1
th’observ’d,1
th’offender’s,1
th’opposed,1
th’other,1
th’ulcer,1
th’understanding,1
th’university,1
th’unnerved,1
tickle,1
timber’d,1
tinct,1
tithe,1
toil,1
toils,1
tokens,1
tomb,1
topp’d,1
tormenting,1
torrent,1
total,1
touches,1
touch’d,1
town,1
tow’ring,1
toys,1
traduc’d,1
tragedians,1
traitorous,1
transform,1
transformation,1
transports,1
trappings,1
traveller,1
tread,1
treads,1
trespass,1
tributary,1
trick’d,1
trifle,1
trifling,1
trip,1
trippingly,1
tristful,1
triumph,1
trivial,1
trophies,1
trophy,1
tropically,1
truepenny,1
truncheon’s,1
truster,1
tumbled,1
tunes,1
turbulent,1
turf,1
turk,1
turneth,1
turn’st,1
tutor,1
tweaks,1
tween,1
twentieth,1
twofold,1
twould,1
tyrannically,1
tyrannous,1
tyrant,1
t’assume,1
t’expel,1
t’express,1
t’have,1
t’illume,1
t’other,1
ubique,1
ugly,1
ulcerous,1
umbrage,1
unanel’d,1
unbrac’d,1
uncharge,1
uncle’s,1
uncurrent,1
undergo,1
undertakings,1
undiscover’d,1
undo,1
uneffectual,1
unequal,1
unfellowed,1
unfledg’d,1
unforc’d,1
unfortified,1
ungalled,1
ungart’red,1
ungor’d,1
ungracious,1
unhand,1
unhappily,1
unholy,1
unhous’led,1
unimproved,1
unite,1
unkennel,1
unkind,1
unknowing,1
unlimited,1
unmanly,1
unmannerly,1
unmask,1
unmaster’d,1
unmatch’d,1
unmix’d,1
unpack,1
unpeg,1
unpolluted,1
unpregnant,1
unprevailing,1
unprofitable,1
unproportion’d,1
unreclaimed,1
unrighteous,1
unripe,1
unsanctified,1
unsatisfied,1
unschool’d,1
unseal,1
unshaken,1
unshaped,1
unsifted,1
unsinew’d,1
unskilful,1
unsmirched,1
unsure,1
untimely,1
unus’d,1
unvalu’d,1
unwatch’d,1
unweeded,1
unwholesome,1
unwilling,1
unworthiest,1
unwrung,1
unyoke,1
uphoarded,1
upshot,1
upspring,1
usual,1
usurp,1
usurp’st,1
us’d,1
utter,1
utterance,1
utter’d,1
vacancy,1
vailed,1
vain,1
valanc’d,1
valentine,1
valentine’s,1
validity,1
valour,1
vanish’d,1
vanquisher,1
vapours,1
varnish,1
venom’d,1
ventages,1
verity,1
verse,1
vial,1
vicious,1
videlicet,1
vienna,1
vigour,1
villainous,1
villanies,1
villany,1
violet,1
virgin,1
virtuous,1
vision,1
volley,1
volume,1
vouch,1
vulcan’s,1
wager’d,1
wail,1
waist,1
waits,1
wake,1
walk’d,1
wall,1
wand’ring,1
wantonness,1
wan’d,1
wards,1
warms,1
warning,1
warranties,1
wart,1
wassail,1
watchman,1
waterfly,1
waving,1
weaker,1
weakest,1
weal,1
wealth,1
weapons,1
wearing,1
wedding,1
weed,1
weedy,1
week,1
weeping,1
weeps,1
weighing,1
weight,1
westward,1
wharf,1
whatsoever,1
wheaten,1
whensoever,1
whereat,1
whet,1
whiff,1
whine,1
whipped,1
whipping,1
whirling,1
whirlwind,1
whispers,1
whit,1
whore,1
whor’d,1
who’s,1
wick,1
widow,1
wildness,1
wilfully,1
willow,1
wills,1
will’t,1
wince,1
windlasses,1
window,1
windy,1
wine,1
wing,1
winking,1
winks,1
winner,1
winnowed,1
winter’s,1
wisdoms,1
wiseness,1
wishes,1
wish’d,1
witch,1
witching,1
withdrew,1
withers,1
wither’d,1
within’s,1
wit’s,1
woman’s,1
womb,1
women’s,1
won,1
woo,1
wood,1
woodcock,1
woodcocks,1
woos,1
wore,1
worlds,1
worms,1
worm’s,1
worn,1
worser,1
worst,1
worthy,1
wot,1
woundless,1
wrap,1
wrath,1
wreck,1
wring,1
wringing,1
wrinkled,1
wrist,1
write,1
writers,1
writing,1
written,1
wrung,1
yard,1
yaughan,1
yaw,1
yawn,1
yeasty,1
yeoman’s,1
yesterday,1
yesternight,1
yielding,1
yon,1
yond,1
yorick,1
yorick’s,1
zone,1
à,1
