play,character
a_midsummer_night_s_dream_tokens,BOTTOM
a_midsummer_night_s_dream_tokens,CHORUS
a_midsummer_night_s_dream_tokens,COBWEB
a_midsummer_night_s_dream_tokens,DEMETRIUS
a_midsummer_night_s_dream_tokens,EGEUS
a_midsummer_night_s_dream_tokens,FAIRY
a_midsummer_night_s_dream_tokens,FIRST FAIRY
a_midsummer_night_s_dream_tokens,FLUTE
a_midsummer_night_s_dream_tokens,HELENA
a_midsummer_night_s_dream_tokens,HERMIA
a_midsummer_night_s_dream_tokens,HIPPOLYTA
a_midsummer_night_s_dream_tokens,LION
a_midsummer_night_s_dream_tokens,LYSANDER
a_midsummer_night_s_dream_tokens,MOON
a_midsummer_night_s_dream_tokens,MOONSHINE
a_midsummer_night_s_dream_tokens,MOTH
a_midsummer_night_s_dream_tokens,MUSTARDSEED
a_midsummer_night_s_dream_tokens,OBERON
a_midsummer_night_s_dream_tokens,PEASEBLOSSOM
a_midsummer_night_s_dream_tokens,PHILOSTRATE
a_midsummer_night_s_dream_tokens,PUCK
a_midsummer_night_s_dream_tokens,PYRAMUS
a_midsummer_night_s_dream_tokens,QUINCE
a_midsummer_night_s_dream_tokens,SECOND FAIRY
a_midsummer_night_s_dream_tokens,SNOUT
a_midsummer_night_s_dream_tokens,SNUG
a_midsummer_night_s_dream_tokens,STARVELING
a_midsummer_night_s_dream_tokens,THESEUS
a_midsummer_night_s_dream_tokens,THISBE
a_midsummer_night_s_dream_tokens,TITANIA
a_midsummer_night_s_dream_tokens,WALL
all_s_well_that_ends_well_tokens,BERTRAM
all_s_well_that_ends_well_tokens,CLOWN
all_s_well_that_ends_well_tokens,COUNTESS
all_s_well_that_ends_well_tokens,DIANA
all_s_well_that_ends_well_tokens,DUKE
all_s_well_that_ends_well_tokens,FIRST GENTLEMAN
all_s_well_that_ends_well_tokens,FIRST LORD
all_s_well_that_ends_well_tokens,FIRST SOLDIER
all_s_well_that_ends_well_tokens,FOURTH LORD
all_s_well_that_ends_well_tokens,GENTLEMAN
all_s_well_that_ends_well_tokens,HELENA
all_s_well_that_ends_well_tokens,KING
all_s_well_that_ends_well_tokens,LAFEW
all_s_well_that_ends_well_tokens,MARIANA
all_s_well_that_ends_well_tokens,MESSENGER
all_s_well_that_ends_well_tokens,PAGE
all_s_well_that_ends_well_tokens,PAROLLES
all_s_well_that_ends_well_tokens,SECOND GENTLEMAN
all_s_well_that_ends_well_tokens,SECOND LORD
all_s_well_that_ends_well_tokens,SECOND SOLDIER
all_s_well_that_ends_well_tokens,STEWARD
all_s_well_that_ends_well_tokens,WIDOW
antony_and_cleopatra_tokens,AGRIPPA
antony_and_cleopatra_tokens,ALEXAS
antony_and_cleopatra_tokens,AMBASSADOR
antony_and_cleopatra_tokens,ANTONY
antony_and_cleopatra_tokens,CAESAR
antony_and_cleopatra_tokens,CANIDIUS
antony_and_cleopatra_tokens,CAPTAIN
antony_and_cleopatra_tokens,CHARMIAN
antony_and_cleopatra_tokens,CLEOPATRA
antony_and_cleopatra_tokens,CLOWN
antony_and_cleopatra_tokens,DEMETRIUS
antony_and_cleopatra_tokens,DERCETUS
antony_and_cleopatra_tokens,DIOMEDES
antony_and_cleopatra_tokens,DOLABELLA
antony_and_cleopatra_tokens,EGYPTIAN
antony_and_cleopatra_tokens,ENOBARBUS
antony_and_cleopatra_tokens,EROS
antony_and_cleopatra_tokens,FIRST GUARD
antony_and_cleopatra_tokens,FIRST SERVANT
antony_and_cleopatra_tokens,FIRST SOLDIER
antony_and_cleopatra_tokens,FIRST WATCH
antony_and_cleopatra_tokens,FOURTH SOLDIER
antony_and_cleopatra_tokens,GUARDSMAN
antony_and_cleopatra_tokens,IRAS
antony_and_cleopatra_tokens,LEPIDUS
antony_and_cleopatra_tokens,MAECENAS
antony_and_cleopatra_tokens,MARDIAN
antony_and_cleopatra_tokens,MENAS
antony_and_cleopatra_tokens,MENECRATES
antony_and_cleopatra_tokens,MESSENGER
antony_and_cleopatra_tokens,OCTAVIA
antony_and_cleopatra_tokens,OFFICER
antony_and_cleopatra_tokens,PHILO
antony_and_cleopatra_tokens,POMPEY
antony_and_cleopatra_tokens,PROCULEIUS
antony_and_cleopatra_tokens,SCARUS
antony_and_cleopatra_tokens,SECOND GUARD
antony_and_cleopatra_tokens,SECOND MESSENGER
antony_and_cleopatra_tokens,SECOND SERVANT
antony_and_cleopatra_tokens,SECOND SOLDIER
antony_and_cleopatra_tokens,SECOND WATCH
antony_and_cleopatra_tokens,SELEUCUS
antony_and_cleopatra_tokens,SENTRY
antony_and_cleopatra_tokens,SERVANT
antony_and_cleopatra_tokens,SILIUS
antony_and_cleopatra_tokens,SOLDIER
antony_and_cleopatra_tokens,SOOTHSAYER
antony_and_cleopatra_tokens,TAURUS
antony_and_cleopatra_tokens,THE SONG
antony_and_cleopatra_tokens,THIDIAS
antony_and_cleopatra_tokens,THIRD GUARD
antony_and_cleopatra_tokens,THIRD MESSENGER
antony_and_cleopatra_tokens,THIRD SOLDIER
antony_and_cleopatra_tokens,VARRIUS
antony_and_cleopatra_tokens,VENTIDIUS
as_you_like_it_tokens,ADAM
as_you_like_it_tokens,AMIENS
as_you_like_it_tokens,AUDREY
as_you_like_it_tokens,CELIA
as_you_like_it_tokens,CHARLES
as_you_like_it_tokens,CORIN
as_you_like_it_tokens,DENNIS
as_you_like_it_tokens,DUKE FREDERICK
as_you_like_it_tokens,DUKE SENIOR
as_you_like_it_tokens,FIRST LORD
as_you_like_it_tokens,FIRST PAGE
as_you_like_it_tokens,HYMEN
as_you_like_it_tokens,JAQUES
as_you_like_it_tokens,JAQUES DE BOYS
as_you_like_it_tokens,LE BEAU
as_you_like_it_tokens,MARTEXT
as_you_like_it_tokens,OLIVER
as_you_like_it_tokens,ORLANDO
as_you_like_it_tokens,PAGES
as_you_like_it_tokens,PHOEBE
as_you_like_it_tokens,ROSALIND
as_you_like_it_tokens,SECOND LORD
as_you_like_it_tokens,SECOND PAGE
as_you_like_it_tokens,SILVIUS
as_you_like_it_tokens,SONG
as_you_like_it_tokens,TOUCHSTONE
as_you_like_it_tokens,WILLIAM
comedy_of_errors_tokens,ABBESS
comedy_of_errors_tokens,ADRIANA
comedy_of_errors_tokens,ANGELO
comedy_of_errors_tokens,ANTIPHOLUS OF EPHESUS
comedy_of_errors_tokens,ANTIPHOLUS OF SYRACUSE
comedy_of_errors_tokens,BALTHASAR
comedy_of_errors_tokens,COURTESAN
comedy_of_errors_tokens,DROMIO OF EPHESUS
comedy_of_errors_tokens,DROMIO OF SYRACUSE
comedy_of_errors_tokens,DUKE
comedy_of_errors_tokens,EGEON
comedy_of_errors_tokens,JAILER
comedy_of_errors_tokens,LUCE
comedy_of_errors_tokens,LUCIANA
comedy_of_errors_tokens,MERCHANT
comedy_of_errors_tokens,MESSENGER
comedy_of_errors_tokens,OFFICER
comedy_of_errors_tokens,PINCH
coriolanus_tokens,AEDILE
coriolanus_tokens,AEDILES
coriolanus_tokens,AUFIDIUS
coriolanus_tokens,BRUTUS
coriolanus_tokens,CITIZEN
coriolanus_tokens,CITIZENS
coriolanus_tokens,COMINIUS
coriolanus_tokens,CORIOLANUS
coriolanus_tokens,FIFTH CITIZEN
coriolanus_tokens,FIRST
coriolanus_tokens,FIRST CITIZEN
coriolanus_tokens,FIRST CONSPIRATOR
coriolanus_tokens,FIRST LORD
coriolanus_tokens,FIRST OFFICER
coriolanus_tokens,FIRST PATRICIAN
coriolanus_tokens,FIRST ROMAN
coriolanus_tokens,FIRST SENATOR
coriolanus_tokens,FIRST SERVINGMAN
coriolanus_tokens,FIRST SOLDIER
coriolanus_tokens,FIRST WATCH
coriolanus_tokens,FOURTH CITIZEN
coriolanus_tokens,GENTLEWOMAN
coriolanus_tokens,HERALD
coriolanus_tokens,LARTIUS
coriolanus_tokens,LIEUTENANT
coriolanus_tokens,LORDS
coriolanus_tokens,MARTIUS
coriolanus_tokens,MENENIUS
coriolanus_tokens,MESSENGER
coriolanus_tokens,OFFICER
coriolanus_tokens,PATRICIAN
coriolanus_tokens,ROMAN
coriolanus_tokens,SECOND CITIZEN
coriolanus_tokens,SECOND CONSPIRATOR
coriolanus_tokens,SECOND LORD
coriolanus_tokens,SECOND MESSENGER
coriolanus_tokens,SECOND OFFICER
coriolanus_tokens,SECOND ROMAN
coriolanus_tokens,SECOND SENATOR
coriolanus_tokens,SECOND SERVINGMAN
coriolanus_tokens,SECOND SOLDIER
coriolanus_tokens,SECOND WATCH
coriolanus_tokens,SENATOR
coriolanus_tokens,SENATORS
coriolanus_tokens,SEVENTH CITIZEN
coriolanus_tokens,SICINIUS
coriolanus_tokens,SIXTH CITIZEN
coriolanus_tokens,SOLDIER
coriolanus_tokens,THIRD CITIZEN
coriolanus_tokens,THIRD CONSPIRATOR
coriolanus_tokens,THIRD LORD
coriolanus_tokens,THIRD ROMAN
coriolanus_tokens,THIRD SERVINGMAN
coriolanus_tokens,TITUS LARTIUS
coriolanus_tokens,TRIBUNES
coriolanus_tokens,VALERIA
coriolanus_tokens,VIRGILIA
coriolanus_tokens,VOLSCE
coriolanus_tokens,VOLUMNIA
coriolanus_tokens,YOUNG MARTIUS
cymbeline_tokens,ARVIRAGUS
cymbeline_tokens,ATTENDANT
cymbeline_tokens,BELARIUS
cymbeline_tokens,BROTHERS
cymbeline_tokens,CAPTAIN
cymbeline_tokens,CLOTEN
cymbeline_tokens,CORNELIUS
cymbeline_tokens,CYMBELINE
cymbeline_tokens,FIRST BROTHER
cymbeline_tokens,FIRST CAPTAIN
cymbeline_tokens,FIRST GENTLEMAN
cymbeline_tokens,FIRST LORD
cymbeline_tokens,FIRST SENATOR
cymbeline_tokens,FRENCHMAN
cymbeline_tokens,GAOLER
cymbeline_tokens,GUIDERIUS
cymbeline_tokens,IACHIMO
cymbeline_tokens,IMOGEN
cymbeline_tokens,JUPITER
cymbeline_tokens,LADIES
cymbeline_tokens,LADY
cymbeline_tokens,LEONATUS
cymbeline_tokens,LEONATUS POSTHUMUS
cymbeline_tokens,LORD
cymbeline_tokens,LUCIUS
cymbeline_tokens,MESSENGER
cymbeline_tokens,MOTHER
cymbeline_tokens,PHILARIO
cymbeline_tokens,PISANIO
cymbeline_tokens,POSTHUMUS
cymbeline_tokens,QUEEN
cymbeline_tokens,SECOND BROTHER
cymbeline_tokens,SECOND CAPTAIN
cymbeline_tokens,SECOND GAOLER
cymbeline_tokens,SECOND GENTLEMAN
cymbeline_tokens,SECOND LORD
cymbeline_tokens,SECOND SENATOR
cymbeline_tokens,SICILIUS
cymbeline_tokens,SONG
cymbeline_tokens,SOOTHSAYER
cymbeline_tokens,TRIBUNE
hamlet_tokens,BARNARDO
hamlet_tokens,CAPTAIN
hamlet_tokens,CORNELIUS
hamlet_tokens,DANES
hamlet_tokens,FIRST AMBASSADOR
hamlet_tokens,FIRST CLOWN
hamlet_tokens,FIRST PLAYER
hamlet_tokens,FIRST SAILOR
hamlet_tokens,FORTINBRAS
hamlet_tokens,FRANCISCO
hamlet_tokens,GENTLEMAN
hamlet_tokens,GHOST
hamlet_tokens,GUILDENSTERN
hamlet_tokens,HAMLET
hamlet_tokens,HORATIO
hamlet_tokens,KING
hamlet_tokens,LAERTES
hamlet_tokens,LORD
hamlet_tokens,LORDS
hamlet_tokens,LUCIANUS
hamlet_tokens,MARCELLUS
hamlet_tokens,MESSENGER
hamlet_tokens,OPHELIA
hamlet_tokens,OSRIC
hamlet_tokens,PLAYER KING
hamlet_tokens,PLAYER QUEEN
hamlet_tokens,POLONIUS
hamlet_tokens,PRIEST
hamlet_tokens,PROLOGUE
hamlet_tokens,QUEEN
hamlet_tokens,REYNALDO
hamlet_tokens,ROSENCRANTZ
hamlet_tokens,SECOND CLOWN
hamlet_tokens,SERVANT
hamlet_tokens,VOLTEMAND
henry_iv_part_1_tokens,ARCHBISHOP
henry_iv_part_1_tokens,BARDOLPH
henry_iv_part_1_tokens,BLUNT
henry_iv_part_1_tokens,CARRIER
henry_iv_part_1_tokens,CHAMBERLAIN
henry_iv_part_1_tokens,DOUGLAS
henry_iv_part_1_tokens,FALSTAFF
henry_iv_part_1_tokens,FIRST CARRIER
henry_iv_part_1_tokens,FIRST TRAVELLER
henry_iv_part_1_tokens,FRANCIS
henry_iv_part_1_tokens,GADSHILL
henry_iv_part_1_tokens,GLENDOWER
henry_iv_part_1_tokens,HOSTESS
henry_iv_part_1_tokens,HOTSPUR
henry_iv_part_1_tokens,KING
henry_iv_part_1_tokens,LADY PERCY
henry_iv_part_1_tokens,LANCASTER
henry_iv_part_1_tokens,MESSENGER
henry_iv_part_1_tokens,MORTIMER
henry_iv_part_1_tokens,NORTHUMBERLAND
henry_iv_part_1_tokens,OSTLER
henry_iv_part_1_tokens,PETO
henry_iv_part_1_tokens,POINS
henry_iv_part_1_tokens,PRINCE
henry_iv_part_1_tokens,SECOND CARRIER
henry_iv_part_1_tokens,SECOND TRAVELLER
henry_iv_part_1_tokens,SERVANT
henry_iv_part_1_tokens,SHERIFF
henry_iv_part_1_tokens,SIR MICHAEL
henry_iv_part_1_tokens,THIEVES
henry_iv_part_1_tokens,VERNON
henry_iv_part_1_tokens,VINTNER
henry_iv_part_1_tokens,WESTMORELAND
henry_iv_part_1_tokens,WORCESTER
henry_iv_part_2_tokens,ARCHBISHOP
henry_iv_part_2_tokens,BARDOLPH
henry_iv_part_2_tokens,BULLCALF
henry_iv_part_2_tokens,CHIEF JUSTICE
henry_iv_part_2_tokens,CLARENCE
henry_iv_part_2_tokens,COLEVILE
henry_iv_part_2_tokens,DAVY
henry_iv_part_2_tokens,DOLL
henry_iv_part_2_tokens,EPILOGUE
henry_iv_part_2_tokens,FALSTAFF
henry_iv_part_2_tokens,FANG
henry_iv_part_2_tokens,FEEBLE
henry_iv_part_2_tokens,FIRST BEADLE
henry_iv_part_2_tokens,FIRST DRAWER
henry_iv_part_2_tokens,FIRST GROOM
henry_iv_part_2_tokens,GLOUCESTER
henry_iv_part_2_tokens,GOWER
henry_iv_part_2_tokens,HARCOURT
henry_iv_part_2_tokens,HASTINGS
henry_iv_part_2_tokens,HOSTESS
henry_iv_part_2_tokens,KING
henry_iv_part_2_tokens,LADY NORTHUMBERLAND
henry_iv_part_2_tokens,LADY PERCY
henry_iv_part_2_tokens,LANCASTER
henry_iv_part_2_tokens,LORD BARDOLPH
henry_iv_part_2_tokens,MESSENGER
henry_iv_part_2_tokens,MORTON
henry_iv_part_2_tokens,MOULDY
henry_iv_part_2_tokens,MOWBRAY
henry_iv_part_2_tokens,NORTHUMBERLAND
henry_iv_part_2_tokens,PAGE
henry_iv_part_2_tokens,PETO
henry_iv_part_2_tokens,PISTOL
henry_iv_part_2_tokens,POINS
henry_iv_part_2_tokens,PORTER
henry_iv_part_2_tokens,PRINCE
henry_iv_part_2_tokens,PRINCES
henry_iv_part_2_tokens,SECOND DRAWER
henry_iv_part_2_tokens,SECOND GROOM
henry_iv_part_2_tokens,SERVANT
henry_iv_part_2_tokens,SHADOW
henry_iv_part_2_tokens,SHALLOW
henry_iv_part_2_tokens,SILENCE
henry_iv_part_2_tokens,SNARE
henry_iv_part_2_tokens,TRAVERS
henry_iv_part_2_tokens,WART
henry_iv_part_2_tokens,WARWICK
henry_iv_part_2_tokens,WESTMORELAND
henry_v_tokens,ALICE
henry_v_tokens,AMBASSADOR
henry_v_tokens,BARDOLPH
henry_v_tokens,BATES
henry_v_tokens,BEDFORD
henry_v_tokens,BOURBON
henry_v_tokens,BOY
henry_v_tokens,BURGUNDY
henry_v_tokens,CAMBRIDGE
henry_v_tokens,CANTERBURY
henry_v_tokens,CHORUS
henry_v_tokens,CONSTABLE
henry_v_tokens,COURT
henry_v_tokens,DAUPHIN
henry_v_tokens,ELY
henry_v_tokens,ERPINGHAM
henry_v_tokens,EXETER
henry_v_tokens,FIRST AMBASSADOR
henry_v_tokens,FLUELLEN
henry_v_tokens,FRENCH KING
henry_v_tokens,FRENCH SOLDIER
henry_v_tokens,GLOUCESTER
henry_v_tokens,GOVERNOR
henry_v_tokens,GOWER
henry_v_tokens,GREY
henry_v_tokens,HERALD
henry_v_tokens,HOSTESS
henry_v_tokens,JAMY
henry_v_tokens,KATHARINE
henry_v_tokens,KING
henry_v_tokens,KING HENRY
henry_v_tokens,LORDS
henry_v_tokens,MACMORRIS
henry_v_tokens,MESSENGER
henry_v_tokens,MONTJOY
henry_v_tokens,NYM
henry_v_tokens,ORLEANS
henry_v_tokens,PISTOL
henry_v_tokens,QUEEN ISABEL
henry_v_tokens,RAMBURES
henry_v_tokens,SALISBURY
henry_v_tokens,SCROOP
henry_v_tokens,WARWICK
henry_v_tokens,WESTMORLAND
henry_v_tokens,WILLIAMS
henry_v_tokens,YORK
henry_vi_part_1_tokens,BASSET
henry_vi_part_1_tokens,BASTARD
henry_vi_part_1_tokens,BEDFORD
henry_vi_part_1_tokens,BOY
henry_vi_part_1_tokens,BURGUNDY
henry_vi_part_1_tokens,CAPTAIN
henry_vi_part_1_tokens,CHARLES
henry_vi_part_1_tokens,COUNTESS
henry_vi_part_1_tokens,EXETER
henry_vi_part_1_tokens,FASTOLF
henry_vi_part_1_tokens,FIRST JAILER
henry_vi_part_1_tokens,FIRST SENTINEL
henry_vi_part_1_tokens,FIRST SERVINGMAN
henry_vi_part_1_tokens,FIRST SOLDIER
henry_vi_part_1_tokens,FIRST WARDER
henry_vi_part_1_tokens,GARGRAVE
henry_vi_part_1_tokens,GENERAL
henry_vi_part_1_tokens,GLANSDALE
henry_vi_part_1_tokens,GLOUCESTER
henry_vi_part_1_tokens,JOHN TALBOT
henry_vi_part_1_tokens,KING HENRY
henry_vi_part_1_tokens,LAWYER
henry_vi_part_1_tokens,LEGATE
henry_vi_part_1_tokens,LUCY
henry_vi_part_1_tokens,MARGARET
henry_vi_part_1_tokens,MASTER GUNNER
henry_vi_part_1_tokens,MAYOR
henry_vi_part_1_tokens,MESSENGER
henry_vi_part_1_tokens,MORTIMER
henry_vi_part_1_tokens,OFFICER
henry_vi_part_1_tokens,PLANTAGENET
henry_vi_part_1_tokens,PORTER
henry_vi_part_1_tokens,PUCELLE
henry_vi_part_1_tokens,REIGNIER
henry_vi_part_1_tokens,SALISBURY
henry_vi_part_1_tokens,SCOUT
henry_vi_part_1_tokens,SECOND SERVINGMAN
henry_vi_part_1_tokens,SECOND WARDER
henry_vi_part_1_tokens,SENTINEL
henry_vi_part_1_tokens,SERGEANT
henry_vi_part_1_tokens,SERVANT
henry_vi_part_1_tokens,SERVINGMEN
henry_vi_part_1_tokens,SHEPHERD
henry_vi_part_1_tokens,SOLDIER
henry_vi_part_1_tokens,SOMERSET
henry_vi_part_1_tokens,SUFFOLK
henry_vi_part_1_tokens,TALBOT
henry_vi_part_1_tokens,THIRD SERVINGMAN
henry_vi_part_1_tokens,VERNON
henry_vi_part_1_tokens,WARWICK
henry_vi_part_1_tokens,WATCH
henry_vi_part_1_tokens,WINCHESTER
henry_vi_part_1_tokens,WOODVILLE
henry_vi_part_1_tokens,YORK
henry_vi_part_2_tokens,BEADLE
henry_vi_part_2_tokens,BEVIS
henry_vi_part_2_tokens,BOLINGBROKE
henry_vi_part_2_tokens,BROTHER
henry_vi_part_2_tokens,BUCKINGHAM
henry_vi_part_2_tokens,CADE
henry_vi_part_2_tokens,CARDINAL
henry_vi_part_2_tokens,CLERK
henry_vi_part_2_tokens,COMMONS
henry_vi_part_2_tokens,DICK
henry_vi_part_2_tokens,ELEANOR
henry_vi_part_2_tokens,GLOUCESTER
henry_vi_part_2_tokens,HERALD
henry_vi_part_2_tokens,HOLLAND
henry_vi_part_2_tokens,HORNER
henry_vi_part_2_tokens,HUME
henry_vi_part_2_tokens,KING HENRY
henry_vi_part_2_tokens,LIEUTENANT
henry_vi_part_2_tokens,MASTER
henry_vi_part_2_tokens,MATE
henry_vi_part_2_tokens,MAYOR
henry_vi_part_2_tokens,MESSENGER
henry_vi_part_2_tokens,MICHAEL
henry_vi_part_2_tokens,PETER
henry_vi_part_2_tokens,POST
henry_vi_part_2_tokens,QUEEN MARGARET
henry_vi_part_2_tokens,SALISBURY
henry_vi_part_2_tokens,SERVINGMEN
henry_vi_part_2_tokens,SHERIFF
henry_vi_part_2_tokens,SIMPCOX
henry_vi_part_2_tokens,SMITH
henry_vi_part_2_tokens,SOMERSET
henry_vi_part_2_tokens,SPIRIT
henry_vi_part_2_tokens,STAFFORD
henry_vi_part_2_tokens,STANLEY
henry_vi_part_2_tokens,SUFFOLK
henry_vi_part_2_tokens,TOWNSMAN
henry_vi_part_2_tokens,VAUX
henry_vi_part_2_tokens,WARWICK
henry_vi_part_2_tokens,WHITMORE
henry_vi_part_2_tokens,WIFE
henry_vi_part_2_tokens,YORK
henry_vi_part_3_tokens,BONA
henry_vi_part_3_tokens,CLIFFORD
henry_vi_part_3_tokens,EDWARD
henry_vi_part_3_tokens,EXETER
henry_vi_part_3_tokens,FATHER
henry_vi_part_3_tokens,GEORGE
henry_vi_part_3_tokens,HASTINGS
henry_vi_part_3_tokens,HUNTSMAN
henry_vi_part_3_tokens,KING EDWARD
henry_vi_part_3_tokens,KING HENRY
henry_vi_part_3_tokens,KING LEWIS
henry_vi_part_3_tokens,LADY GREY
henry_vi_part_3_tokens,LIEUTENANT
henry_vi_part_3_tokens,MAYOR
henry_vi_part_3_tokens,MESSENGER
henry_vi_part_3_tokens,MONTAGUE
henry_vi_part_3_tokens,MONTGOMERY
henry_vi_part_3_tokens,NOBLEMAN
henry_vi_part_3_tokens,NORFOLK
henry_vi_part_3_tokens,NORTHUMBERLAND
henry_vi_part_3_tokens,OXFORD
henry_vi_part_3_tokens,POST
henry_vi_part_3_tokens,PRINCE EDWARD
henry_vi_part_3_tokens,QUEEN ELIZABETH
henry_vi_part_3_tokens,QUEEN MARGARET
henry_vi_part_3_tokens,RICHARD
henry_vi_part_3_tokens,RIVERS
henry_vi_part_3_tokens,RUTLAND
henry_vi_part_3_tokens,SIR JOHN
henry_vi_part_3_tokens,SOLDIER
henry_vi_part_3_tokens,SOMERSET
henry_vi_part_3_tokens,SOMERVILLE
henry_vi_part_3_tokens,SON
henry_vi_part_3_tokens,TUTOR
henry_vi_part_3_tokens,WARWICK
henry_vi_part_3_tokens,WESTMORELAND
henry_vi_part_3_tokens,YORK
henry_viii_tokens,ABERGAVENNY
henry_viii_tokens,ANNE
henry_viii_tokens,BRANDON
henry_viii_tokens,BUCKINGHAM
henry_viii_tokens,BUTTS
henry_viii_tokens,CAMPEIUS
henry_viii_tokens,CAPUTIUS
henry_viii_tokens,CHAMBERLAIN
henry_viii_tokens,CHANCELLOR
henry_viii_tokens,CRANMER
henry_viii_tokens,CRIER
henry_viii_tokens,CROMWELL
henry_viii_tokens,DENNY
henry_viii_tokens,EPILOGUE
henry_viii_tokens,FIRST GENTLEMAN
henry_viii_tokens,GARDINER
henry_viii_tokens,GARTER
henry_viii_tokens,GENTLEMAN
henry_viii_tokens,GENTLEMAN USHER
henry_viii_tokens,GRIFFITH
henry_viii_tokens,GUILDFORD
henry_viii_tokens,KEEPER
henry_viii_tokens,KING
henry_viii_tokens,LINCOLN
henry_viii_tokens,LOVELL
henry_viii_tokens,MESSENGER
henry_viii_tokens,NORFOLK
henry_viii_tokens,OLD LADY
henry_viii_tokens,ONE
henry_viii_tokens,PAGE
henry_viii_tokens,PATIENCE
henry_viii_tokens,PORTER
henry_viii_tokens,PORTER'S MAN
henry_viii_tokens,QUEEN KATHERINE
henry_viii_tokens,SANDYS
henry_viii_tokens,SCRIBE
henry_viii_tokens,SECOND GENTLEMAN
henry_viii_tokens,SECRETARY
henry_viii_tokens,SERGEANT
henry_viii_tokens,SERVANT
henry_viii_tokens,SUFFOLK
henry_viii_tokens,SURREY
henry_viii_tokens,SURVEYOR
henry_viii_tokens,THIRD GENTLEMAN
henry_viii_tokens,VAUX
henry_viii_tokens,WOLSEY
henry_viii_tokens,WOMAN
julius_caesar_tokens,ANTONY
julius_caesar_tokens,ARTEMIDORUS
julius_caesar_tokens,BRUTUS
julius_caesar_tokens,CAESAR
julius_caesar_tokens,CALPHURNIA
julius_caesar_tokens,CARPENTER
julius_caesar_tokens,CASCA
julius_caesar_tokens,CASSIUS
julius_caesar_tokens,CATO
julius_caesar_tokens,CICERO
julius_caesar_tokens,CINNA
julius_caesar_tokens,CITIZENS
julius_caesar_tokens,CLAUDIUS
julius_caesar_tokens,CLITUS
julius_caesar_tokens,COBBLER
julius_caesar_tokens,DARDANIUS
julius_caesar_tokens,DECIUS
julius_caesar_tokens,FIRST CITIZEN
julius_caesar_tokens,FIRST SOLDIER
julius_caesar_tokens,FLAVIUS
julius_caesar_tokens,FOURTH CITIZEN
julius_caesar_tokens,GHOST
julius_caesar_tokens,LEPIDUS
julius_caesar_tokens,LIGARIUS
julius_caesar_tokens,LUCILIUS
julius_caesar_tokens,LUCIUS
julius_caesar_tokens,MARULLUS
julius_caesar_tokens,MESSALA
julius_caesar_tokens,MESSENGER
julius_caesar_tokens,METELLUS
julius_caesar_tokens,OCTAVIUS
julius_caesar_tokens,PINDARUS
julius_caesar_tokens,POET
julius_caesar_tokens,POPILIUS
julius_caesar_tokens,PORTIA
julius_caesar_tokens,PUBLIUS
julius_caesar_tokens,SECOND CITIZEN
julius_caesar_tokens,SECOND SOLDIER
julius_caesar_tokens,SERVANT
julius_caesar_tokens,SOOTHSAYER
julius_caesar_tokens,STRATO
julius_caesar_tokens,THIRD CITIZEN
julius_caesar_tokens,THIRD SOLDIER
julius_caesar_tokens,TITINIUS
julius_caesar_tokens,TREBONIUS
julius_caesar_tokens,VARRO
julius_caesar_tokens,VOLUMNIUS
king_john_tokens,ARTHUR
king_john_tokens,AUSTRIA
king_john_tokens,BASTARD
king_john_tokens,BIGOT
king_john_tokens,BLANCHE
king_john_tokens,CHATILLION
king_john_tokens,CITIZEN
king_john_tokens,CONSTANCE
king_john_tokens,ENGLISH HERALD
king_john_tokens,ESSEX
king_john_tokens,FIRST CITIZEN
king_john_tokens,FIRST EXECUTIONER
king_john_tokens,FRENCH HERALD
king_john_tokens,GURNEY
king_john_tokens,HUBERT
king_john_tokens,KING JOHN
king_john_tokens,KING PHILIP
king_john_tokens,LADY FAULCONBRIDGE
king_john_tokens,LOUIS
king_john_tokens,MELUN
king_john_tokens,MESSENGER
king_john_tokens,PANDULPH
king_john_tokens,PEMBROKE
king_john_tokens,PETER OF POMFRET
king_john_tokens,PRINCE HENRY
king_john_tokens,QUEEN ELEANOR
king_john_tokens,ROBERT
king_john_tokens,SALISBURY
king_lear_tokens,ALBANY
king_lear_tokens,BURGUNDY
king_lear_tokens,CAPTAIN
king_lear_tokens,CORDELIA
king_lear_tokens,CORNWALL
king_lear_tokens,CURAN
king_lear_tokens,EDGAR
king_lear_tokens,EDMUND
king_lear_tokens,FIRST SERVANT
king_lear_tokens,FOOL
king_lear_tokens,FRANCE
king_lear_tokens,GENTLEMAN
king_lear_tokens,GLOUCESTER
king_lear_tokens,GONERIL
king_lear_tokens,HERALD
king_lear_tokens,KENT
king_lear_tokens,KNIGHT
king_lear_tokens,LEAR
king_lear_tokens,MESSENGER
king_lear_tokens,OFFICER
king_lear_tokens,OLD MAN
king_lear_tokens,OSWALD
king_lear_tokens,PHYSICIAN
king_lear_tokens,REGAN
king_lear_tokens,SECOND SERVANT
king_lear_tokens,THIRD SERVANT
love_s_labour_s_lost_tokens,ARMADO
love_s_labour_s_lost_tokens,BEROWNE
love_s_labour_s_lost_tokens,BOYET
love_s_labour_s_lost_tokens,COSTARD
love_s_labour_s_lost_tokens,DULL
love_s_labour_s_lost_tokens,DUMAINE
love_s_labour_s_lost_tokens,FORESTER
love_s_labour_s_lost_tokens,HOLOFERNES
love_s_labour_s_lost_tokens,JAQUENETTA
love_s_labour_s_lost_tokens,KATHARINE
love_s_labour_s_lost_tokens,KING
love_s_labour_s_lost_tokens,LONGAVILLE
love_s_labour_s_lost_tokens,LORD
love_s_labour_s_lost_tokens,MARIA
love_s_labour_s_lost_tokens,MOTH
love_s_labour_s_lost_tokens,NATHANIEL
love_s_labour_s_lost_tokens,PRINCESS
love_s_labour_s_lost_tokens,ROSALINE
macbeth_tokens,ANGUS
macbeth_tokens,APPARITION
macbeth_tokens,BANQUO
macbeth_tokens,CAITHNESS
macbeth_tokens,DOCTOR
macbeth_tokens,DONALBAIN
macbeth_tokens,DUNCAN
macbeth_tokens,FIRST MURDERER
macbeth_tokens,FIRST WITCH
macbeth_tokens,FLEANCE
macbeth_tokens,GENTLEWOMAN
macbeth_tokens,HECATE
macbeth_tokens,LADY MACBETH
macbeth_tokens,LADY MACDUFF
macbeth_tokens,LENNOX
macbeth_tokens,LORD
macbeth_tokens,LORDS
macbeth_tokens,MACBETH
macbeth_tokens,MACDUFF
macbeth_tokens,MALCOLM
macbeth_tokens,MENTEITH
macbeth_tokens,MESSENGER
macbeth_tokens,MURDERER
macbeth_tokens,OLD MAN
macbeth_tokens,PORTER
macbeth_tokens,ROSS
macbeth_tokens,SECOND MURDERER
macbeth_tokens,SECOND WITCH
macbeth_tokens,SERVANT
macbeth_tokens,SEYTON
macbeth_tokens,SIWARD
macbeth_tokens,SOLDIER
macbeth_tokens,SOLDIERS
macbeth_tokens,SON
macbeth_tokens,THIRD MURDERER
macbeth_tokens,THIRD WITCH
macbeth_tokens,YOUNG SIWARD
measure_for_measure_tokens,ABHORSON
measure_for_measure_tokens,ANGELO
measure_for_measure_tokens,BARNARDINE
measure_for_measure_tokens,BAWD
measure_for_measure_tokens,CLAUDIO
measure_for_measure_tokens,DUKE
measure_for_measure_tokens,ELBOW
measure_for_measure_tokens,ESCALUS
measure_for_measure_tokens,FIRST GENTLEMAN
measure_for_measure_tokens,FRANCISCA
measure_for_measure_tokens,FRIAR PETER
measure_for_measure_tokens,FRIAR THOMAS
measure_for_measure_tokens,FROTH
measure_for_measure_tokens,ISABELLA
measure_for_measure_tokens,JULIET
measure_for_measure_tokens,JUSTICE
measure_for_measure_tokens,LUCIO
measure_for_measure_tokens,MARIANA
measure_for_measure_tokens,MESSENGER
measure_for_measure_tokens,POMPEY
measure_for_measure_tokens,PROVOST
measure_for_measure_tokens,SECOND GENTLEMAN
measure_for_measure_tokens,SERVANT
measure_for_measure_tokens,SONG
merchant_of_venice_tokens,ANTONIO
merchant_of_venice_tokens,ARRAGON
merchant_of_venice_tokens,BALTHAZAR
merchant_of_venice_tokens,BASSANIO
merchant_of_venice_tokens,DUKE
merchant_of_venice_tokens,DUKE OF VENICE
merchant_of_venice_tokens,GOBBO
merchant_of_venice_tokens,GRATIANO
merchant_of_venice_tokens,JESSICA
merchant_of_venice_tokens,LAUNCELET
merchant_of_venice_tokens,LEONARDO
merchant_of_venice_tokens,LORENZO
merchant_of_venice_tokens,MESSENGER
merchant_of_venice_tokens,NERISSA
merchant_of_venice_tokens,PORTIA
merchant_of_venice_tokens,PRINCE OF MOROCCO
merchant_of_venice_tokens,SALARINO
merchant_of_venice_tokens,SALERIO
merchant_of_venice_tokens,SERVANT
merchant_of_venice_tokens,SERVINGMAN
merchant_of_venice_tokens,SHYLOCK
merchant_of_venice_tokens,SOLANIO
merchant_of_venice_tokens,STEPHANO
merchant_of_venice_tokens,TUBAL
merry_wives_of_windsor_tokens,ANNE
merry_wives_of_windsor_tokens,BARDOLPH
merry_wives_of_windsor_tokens,CAIUS
merry_wives_of_windsor_tokens,EVANS
merry_wives_of_windsor_tokens,FALSTAFF
merry_wives_of_windsor_tokens,FENTON
merry_wives_of_windsor_tokens,FORD
merry_wives_of_windsor_tokens,HOST
merry_wives_of_windsor_tokens,JOHN
merry_wives_of_windsor_tokens,MISTRESS FORD
merry_wives_of_windsor_tokens,MISTRESS PAGE
merry_wives_of_windsor_tokens,MISTRESS QUICKLY
merry_wives_of_windsor_tokens,NYM
merry_wives_of_windsor_tokens,PAGE
merry_wives_of_windsor_tokens,PISTOL
merry_wives_of_windsor_tokens,ROBERT
merry_wives_of_windsor_tokens,ROBIN
merry_wives_of_windsor_tokens,RUGBY
merry_wives_of_windsor_tokens,SHALLOW
merry_wives_of_windsor_tokens,SIMPLE
merry_wives_of_windsor_tokens,SLENDER
merry_wives_of_windsor_tokens,SONG
merry_wives_of_windsor_tokens,WILLIAM
much_ado_about_nothing_tokens,A LORD
much_ado_about_nothing_tokens,ANTONIO
much_ado_about_nothing_tokens,BALTHASAR
much_ado_about_nothing_tokens,BEATRICE
much_ado_about_nothing_tokens,BENEDICK
much_ado_about_nothing_tokens,BORACHIO
much_ado_about_nothing_tokens,BOY
much_ado_about_nothing_tokens,CLAUDIO
much_ado_about_nothing_tokens,CONRADE
much_ado_about_nothing_tokens,DOGBERRY
much_ado_about_nothing_tokens,DON JOHN
much_ado_about_nothing_tokens,DON PEDRO
much_ado_about_nothing_tokens,FIRST WATCH
much_ado_about_nothing_tokens,FRIAR
much_ado_about_nothing_tokens,HERO
much_ado_about_nothing_tokens,LEONATO
much_ado_about_nothing_tokens,MARGARET
much_ado_about_nothing_tokens,MESSENGER
much_ado_about_nothing_tokens,SECOND WATCH
much_ado_about_nothing_tokens,SEXTON
much_ado_about_nothing_tokens,URSULA
much_ado_about_nothing_tokens,VERGES
much_ado_about_nothing_tokens,WATCH
othello_tokens,BIANCA
othello_tokens,BRABANTIO
othello_tokens,CASSIO
othello_tokens,CLOWN
othello_tokens,DESDEMONA
othello_tokens,DUKE
othello_tokens,EMILIA
othello_tokens,FIRST GENTLEMAN
othello_tokens,FIRST MUSICIAN
othello_tokens,FIRST SENATOR
othello_tokens,GENTLEMEN
othello_tokens,GRATIANO
othello_tokens,HERALD
othello_tokens,IAGO
othello_tokens,LODOVICO
othello_tokens,MESSENGER
othello_tokens,MONTANO
othello_tokens,OFFICER
othello_tokens,OTHELLO
othello_tokens,RODERIGO
othello_tokens,SAILOR
othello_tokens,SECOND GENTLEMAN
othello_tokens,SECOND SENATOR
othello_tokens,SENATORS
othello_tokens,THIRD GENTLEMAN
pericles_tokens,ANTIOCHUS
pericles_tokens,BAWD
pericles_tokens,BOULT
pericles_tokens,CERIMON
pericles_tokens,CLEON
pericles_tokens,DAUGHTER
pericles_tokens,DIANA
pericles_tokens,DIONYZA
pericles_tokens,ESCANES
pericles_tokens,FIRST FISHERMAN
pericles_tokens,FIRST GENTLEMAN
pericles_tokens,FIRST KNIGHT
pericles_tokens,FIRST LORD
pericles_tokens,FIRST PIRATE
pericles_tokens,FIRST SAILOR
pericles_tokens,FIRST SERVANT
pericles_tokens,GOWER
pericles_tokens,HELCANUS
pericles_tokens,HELICANUS
pericles_tokens,KNIGHTS
pericles_tokens,LEONINE
pericles_tokens,LORD
pericles_tokens,LYCHORIDA
pericles_tokens,LYSIMACHUS
pericles_tokens,MARINA
pericles_tokens,MARSHALL
pericles_tokens,MESSENGER
pericles_tokens,PANDAR
pericles_tokens,PERICLES
pericles_tokens,PHILEMON
pericles_tokens,SECOND FISHERMAN
pericles_tokens,SECOND GENTLEMAN
pericles_tokens,SECOND KNIGHT
pericles_tokens,SECOND LORD
pericles_tokens,SECOND PIRATE
pericles_tokens,SECOND SAILOR
pericles_tokens,SERVANT
pericles_tokens,SIMONIDES
pericles_tokens,THAISA
pericles_tokens,THALIARD
pericles_tokens,THIRD FISHERMAN
pericles_tokens,THIRD KNIGHT
pericles_tokens,THIRD LORD
pericles_tokens,THIRD PIRATE
pericles_tokens,TYRIAN SAILOR
richard_ii_tokens,ABBOT
richard_ii_tokens,ANOTHER LORD
richard_ii_tokens,AUMERLE
richard_ii_tokens,BAGOT
richard_ii_tokens,BERKELEY
richard_ii_tokens,BOLINGBROKE
richard_ii_tokens,BUSHY
richard_ii_tokens,CAPTAIN
richard_ii_tokens,CARLISLE
richard_ii_tokens,DUCHESS
richard_ii_tokens,EXTON
richard_ii_tokens,FIRST HERALD
richard_ii_tokens,FITZWATER
richard_ii_tokens,GARDENER
richard_ii_tokens,GAUNT
richard_ii_tokens,GREEN
richard_ii_tokens,GROOM
richard_ii_tokens,HARRY PERCY
richard_ii_tokens,KEEPER
richard_ii_tokens,KING HENRY
richard_ii_tokens,KING RICHARD
richard_ii_tokens,LADY
richard_ii_tokens,MARSHAL
richard_ii_tokens,MOWBRAY
richard_ii_tokens,NORTHUMBERLAND
richard_ii_tokens,PERCY
richard_ii_tokens,QUEEN
richard_ii_tokens,RICHARD
richard_ii_tokens,ROSS
richard_ii_tokens,SALISBURY
richard_ii_tokens,SCROOP
richard_ii_tokens,SECOND HERALD
richard_ii_tokens,SERVANT
richard_ii_tokens,SERVINGMAN
richard_ii_tokens,SURREY
richard_ii_tokens,WILLOUGHBY
richard_ii_tokens,YORK
richard_iii_tokens,ANNE
richard_iii_tokens,ARCHBISHOP
richard_iii_tokens,BLUNT
richard_iii_tokens,BOY
richard_iii_tokens,BRAKENBURY
richard_iii_tokens,BUCKINGHAM
richard_iii_tokens,CARDINAL
richard_iii_tokens,CATESBY
richard_iii_tokens,CHILDREN
richard_iii_tokens,CHRISTOPHER
richard_iii_tokens,CLARENCE
richard_iii_tokens,DORSET
richard_iii_tokens,DUCHESS
richard_iii_tokens,ELY
richard_iii_tokens,FIRST CITIZEN
richard_iii_tokens,FIRST MURDERER
richard_iii_tokens,FOURTH MESSENGER
richard_iii_tokens,GENTLEMAN
richard_iii_tokens,GHOST OF ANNE
richard_iii_tokens,GHOST OF BUCKINGHAM
richard_iii_tokens,GHOST OF CLARENCE
richard_iii_tokens,GHOST OF EDWARD
richard_iii_tokens,GHOST OF GREY
richard_iii_tokens,GHOST OF HASTINGS
richard_iii_tokens,GHOST OF HENRY
richard_iii_tokens,GHOST OF RIVERS
richard_iii_tokens,GHOST OF VAUGHAN
richard_iii_tokens,GHOSTS OF PRINCES
richard_iii_tokens,GIRL
richard_iii_tokens,GREY
richard_iii_tokens,HASTINGS
richard_iii_tokens,HERBERT
richard_iii_tokens,KEEPER
richard_iii_tokens,KING EDWARD
richard_iii_tokens,KING RICHARD
richard_iii_tokens,LORDS
richard_iii_tokens,LOVELL
richard_iii_tokens,MAYOR
richard_iii_tokens,MESSENGER
richard_iii_tokens,NORFOLK
richard_iii_tokens,OXFORD
richard_iii_tokens,PAGE
richard_iii_tokens,PRIEST
richard_iii_tokens,PRINCE
richard_iii_tokens,PURSUIVANT
richard_iii_tokens,QUEEN ELIZABETH
richard_iii_tokens,QUEEN MARGARET
richard_iii_tokens,RATCLIFFE
richard_iii_tokens,RICHARD
richard_iii_tokens,RICHMOND
richard_iii_tokens,RIVERS
richard_iii_tokens,SCRIVENER
richard_iii_tokens,SECOND CITIZEN
richard_iii_tokens,SECOND MESSENGER
richard_iii_tokens,SECOND MURDERER
richard_iii_tokens,SHERIFF
richard_iii_tokens,STANLEY
richard_iii_tokens,SURREY
richard_iii_tokens,THIRD CITIZEN
richard_iii_tokens,THIRD MESSENGER
richard_iii_tokens,TYRREL
richard_iii_tokens,VAUGHAN
richard_iii_tokens,YORK
romeo_and_juliet_tokens,ABRAM
romeo_and_juliet_tokens,APOTHECARY
romeo_and_juliet_tokens,BALTHASAR
romeo_and_juliet_tokens,BENVOLIO
romeo_and_juliet_tokens,CAPULET
romeo_and_juliet_tokens,CAPULET'S COUSIN
romeo_and_juliet_tokens,CHORUS
romeo_and_juliet_tokens,FIRST CITIZEN
romeo_and_juliet_tokens,FIRST MUSICIAN
romeo_and_juliet_tokens,FIRST SERVANT
romeo_and_juliet_tokens,FIRST WATCH
romeo_and_juliet_tokens,FRIAR JOHN
romeo_and_juliet_tokens,FRIAR LAWRENCE
romeo_and_juliet_tokens,GREGORY
romeo_and_juliet_tokens,JULIET
romeo_and_juliet_tokens,LADY CAPULET
romeo_and_juliet_tokens,LADY MONTAGUE
romeo_and_juliet_tokens,MERCUTIO
romeo_and_juliet_tokens,MONTAGUE
romeo_and_juliet_tokens,NURSE
romeo_and_juliet_tokens,PAGE
romeo_and_juliet_tokens,PARIS
romeo_and_juliet_tokens,PETER
romeo_and_juliet_tokens,PRINCE
romeo_and_juliet_tokens,ROMEO
romeo_and_juliet_tokens,SAMPSON
romeo_and_juliet_tokens,SECOND MUSICIAN
romeo_and_juliet_tokens,SECOND SERVANT
romeo_and_juliet_tokens,SECOND WATCH
romeo_and_juliet_tokens,SERVANT
romeo_and_juliet_tokens,THIRD MUSICIAN
romeo_and_juliet_tokens,TYBALT
taming_of_the_shrew_tokens,BAPTISTA
taming_of_the_shrew_tokens,BIANCA
taming_of_the_shrew_tokens,BIONDELLO
taming_of_the_shrew_tokens,CURTIS
taming_of_the_shrew_tokens,FIRST SERVANT
taming_of_the_shrew_tokens,GREMIO
taming_of_the_shrew_tokens,GRUMIO
taming_of_the_shrew_tokens,HABERDASHER
taming_of_the_shrew_tokens,HORTENSIO
taming_of_the_shrew_tokens,JOSEPH
taming_of_the_shrew_tokens,KATHERINA
taming_of_the_shrew_tokens,LUCENTIO
taming_of_the_shrew_tokens,NATHANIEL
taming_of_the_shrew_tokens,NICHOLAS
taming_of_the_shrew_tokens,PAGE
taming_of_the_shrew_tokens,PEDANT
taming_of_the_shrew_tokens,PETER
taming_of_the_shrew_tokens,PETRUCHIO
taming_of_the_shrew_tokens,PHILIP
taming_of_the_shrew_tokens,SERVANT
taming_of_the_shrew_tokens,SLY
taming_of_the_shrew_tokens,TAILOR
taming_of_the_shrew_tokens,TRANIO
taming_of_the_shrew_tokens,VINCENTIO
taming_of_the_shrew_tokens,WIDOW
tempest_tokens,ADRIAN
tempest_tokens,ALONSO
tempest_tokens,ANTONIO
tempest_tokens,ARIEL
tempest_tokens,ARIEL'S SONG
tempest_tokens,BOATSWAIN
tempest_tokens,CALIBAN
tempest_tokens,CERES
tempest_tokens,FERDINAND
tempest_tokens,FRANCISCO
tempest_tokens,GONZALO
tempest_tokens,IRIS
tempest_tokens,JUNO
tempest_tokens,MARINERS
tempest_tokens,MASTER
tempest_tokens,MIRANDA
tempest_tokens,PROSPERO
tempest_tokens,SEBASTIAN
tempest_tokens,STEPHANO
tempest_tokens,TRINCULO
timon_of_athens_tokens,ALCIBIADES
timon_of_athens_tokens,APEMANTUS
timon_of_athens_tokens,BANDITTI
timon_of_athens_tokens,CAPHIS
timon_of_athens_tokens,CUPID
timon_of_athens_tokens,FIRST
timon_of_athens_tokens,FIRST BANDIT
timon_of_athens_tokens,FIRST FRIEND
timon_of_athens_tokens,FIRST LADY
timon_of_athens_tokens,FIRST LORD
timon_of_athens_tokens,FIRST SENATOR
timon_of_athens_tokens,FIRST SERVANT
timon_of_athens_tokens,FIRST STRANGER
timon_of_athens_tokens,FIRST VARRO'S SERVANT
timon_of_athens_tokens,FLAMINIUS
timon_of_athens_tokens,FLAVIUS
timon_of_athens_tokens,FOOL
timon_of_athens_tokens,FOURTH FRIEND
timon_of_athens_tokens,HORTENSIUS
timon_of_athens_tokens,ISIDORE'S SERVANT
timon_of_athens_tokens,JEWELLER
timon_of_athens_tokens,LUCILIUS
timon_of_athens_tokens,LUCIUS
timon_of_athens_tokens,LUCULLUS
timon_of_athens_tokens,MERCHANT
timon_of_athens_tokens,MESSENGER
timon_of_athens_tokens,OLD ATHENIAN
timon_of_athens_tokens,PAGE
timon_of_athens_tokens,PAINTER
timon_of_athens_tokens,PHILOTUS
timon_of_athens_tokens,PHRYNIA
timon_of_athens_tokens,POET
timon_of_athens_tokens,SECOND BANDIT
timon_of_athens_tokens,SECOND FRIEND
timon_of_athens_tokens,SECOND FRIENDS
timon_of_athens_tokens,SECOND LORD
timon_of_athens_tokens,SECOND SENATOR
timon_of_athens_tokens,SECOND SERVANT
timon_of_athens_tokens,SECOND STRANGER
timon_of_athens_tokens,SECOND VARRO'S SERVANT
timon_of_athens_tokens,SEMPRONIUS
timon_of_athens_tokens,SENATOR
timon_of_athens_tokens,SERVANT
timon_of_athens_tokens,SERVANTS
timon_of_athens_tokens,SERVILIUS
timon_of_athens_tokens,SOLDIER
timon_of_athens_tokens,SOME OTHER
timon_of_athens_tokens,SOME SPEAK
timon_of_athens_tokens,THIRD BANDIT
timon_of_athens_tokens,THIRD FRIEND
timon_of_athens_tokens,THIRD LORD
timon_of_athens_tokens,THIRD SENATOR
timon_of_athens_tokens,THIRD SERVANT
timon_of_athens_tokens,THIRD STRANGER
timon_of_athens_tokens,TIMANDRA
timon_of_athens_tokens,TIMON
timon_of_athens_tokens,TITUS
timon_of_athens_tokens,VARRO'S SERVANT
timon_of_athens_tokens,VENTIDIUS
titus_andronicus_tokens,AARON
titus_andronicus_tokens,AEMILIUS
titus_andronicus_tokens,BASSIANUS
titus_andronicus_tokens,CAPTAIN
titus_andronicus_tokens,CHIRON
titus_andronicus_tokens,CLOWN
titus_andronicus_tokens,DEMETRIUS
titus_andronicus_tokens,FIRST GOTH
titus_andronicus_tokens,GOTH
titus_andronicus_tokens,GOTHS
titus_andronicus_tokens,LAVINIA
titus_andronicus_tokens,LUCIUS
titus_andronicus_tokens,MARCUS
titus_andronicus_tokens,MARTIUS
titus_andronicus_tokens,MESSENGER
titus_andronicus_tokens,MUTIUS
titus_andronicus_tokens,NURSE
titus_andronicus_tokens,PUBLIUS
titus_andronicus_tokens,QUINTUS
titus_andronicus_tokens,ROMANS
titus_andronicus_tokens,SATURNINUS
titus_andronicus_tokens,SECOND GOTH
titus_andronicus_tokens,TAMORA
titus_andronicus_tokens,TITUS
titus_andronicus_tokens,TRIBUNES
titus_andronicus_tokens,YOUNG LUCIUS
troilus_and_cressida_tokens,ACHILLES
troilus_and_cressida_tokens,AENEAS
troilus_and_cressida_tokens,AGAMEMNON
troilus_and_cressida_tokens,AJAX
troilus_and_cressida_tokens,ALEXANDER
troilus_and_cressida_tokens,ANDARUS
troilus_and_cressida_tokens,ANDROMACHE
troilus_and_cressida_tokens,BOY
troilus_and_cressida_tokens,CALCHAS
troilus_and_cressida_tokens,CASSANDRA
troilus_and_cressida_tokens,CRESSIDA
troilus_and_cressida_tokens,DEIPHOBUS
troilus_and_cressida_tokens,DIOMEDES
troilus_and_cressida_tokens,HECTOR
troilus_and_cressida_tokens,HELEN
troilus_and_cressida_tokens,HELENUS
troilus_and_cressida_tokens,MARGARELON
troilus_and_cressida_tokens,MENELAUS
troilus_and_cressida_tokens,MYRMIDON
troilus_and_cressida_tokens,NESTOR
troilus_and_cressida_tokens,PANDARUS
troilus_and_cressida_tokens,PARIS
troilus_and_cressida_tokens,PATROCLUS
troilus_and_cressida_tokens,PRIAM
troilus_and_cressida_tokens,SERVANT
troilus_and_cressida_tokens,SOLDIERS
troilus_and_cressida_tokens,THERSITES
troilus_and_cressida_tokens,TROILUS
troilus_and_cressida_tokens,ULYSSES
twelfth_night_tokens,AGUECHEEK
twelfth_night_tokens,ANTONIO
twelfth_night_tokens,CAPTAIN
twelfth_night_tokens,CLOWN
twelfth_night_tokens,CURIO
twelfth_night_tokens,DUKE
twelfth_night_tokens,FABIAN
twelfth_night_tokens,FIRST OFFICER
twelfth_night_tokens,MALVOLIO
twelfth_night_tokens,MARIA
twelfth_night_tokens,OLIVIA
twelfth_night_tokens,PRIEST
twelfth_night_tokens,SEBASTIAN
twelfth_night_tokens,SECOND OFFICER
twelfth_night_tokens,SERVANT
twelfth_night_tokens,SIR ANDREW
twelfth_night_tokens,SIR TOBY
twelfth_night_tokens,VALENTINE
twelfth_night_tokens,VIOLA
two_gentlemen_of_verona_tokens,ANTONIO
two_gentlemen_of_verona_tokens,DUKE
two_gentlemen_of_verona_tokens,EGLAMOUR
two_gentlemen_of_verona_tokens,FIRST OUTLAW
two_gentlemen_of_verona_tokens,HOST
two_gentlemen_of_verona_tokens,JULIA
two_gentlemen_of_verona_tokens,LANCE
two_gentlemen_of_verona_tokens,LUCETTA
two_gentlemen_of_verona_tokens,OUTLAWS
two_gentlemen_of_verona_tokens,PANTINO
two_gentlemen_of_verona_tokens,PROTEUS
two_gentlemen_of_verona_tokens,SECOND OUTLAW
two_gentlemen_of_verona_tokens,SERVANT
two_gentlemen_of_verona_tokens,SILVIA
two_gentlemen_of_verona_tokens,SPEED
two_gentlemen_of_verona_tokens,THIRD OUTLAW
two_gentlemen_of_verona_tokens,THURIO
two_gentlemen_of_verona_tokens,VALENTINE
winter_s_tale_tokens,ANTIGONUS
winter_s_tale_tokens,ARCHIDAMUS
winter_s_tale_tokens,AUTOLYCUS
winter_s_tale_tokens,CAMILLO
winter_s_tale_tokens,CLEOMENES
winter_s_tale_tokens,CLOWN
winter_s_tale_tokens,DION
winter_s_tale_tokens,DORCAS
winter_s_tale_tokens,EMILIA
winter_s_tale_tokens,FIRST ATTENDANT
winter_s_tale_tokens,FIRST GENTLEMAN
winter_s_tale_tokens,FIRST LADY
winter_s_tale_tokens,FIRST LORD
winter_s_tale_tokens,FLORIZEL
winter_s_tale_tokens,GAOLER
winter_s_tale_tokens,HERMIONE
winter_s_tale_tokens,LEONTES
winter_s_tale_tokens,LORD
winter_s_tale_tokens,LORDS
winter_s_tale_tokens,MAMILLIUS
winter_s_tale_tokens,MARINER
winter_s_tale_tokens,MOPSA
winter_s_tale_tokens,OFFICER
winter_s_tale_tokens,PAULINA
winter_s_tale_tokens,PERDITA
winter_s_tale_tokens,POLIXENES
winter_s_tale_tokens,SECOND GENTLEMAN
winter_s_tale_tokens,SECOND LADY
winter_s_tale_tokens,SERVANT
winter_s_tale_tokens,SHEPHERD
winter_s_tale_tokens,SONG
winter_s_tale_tokens,THIRD GENTLEMAN
winter_s_tale_tokens,TIME
